id,name,brand,current_db_images,resolved_hardcoded_images,status
"2e3fd0bd-b4f1-4823-934b-cebbcceccda5","1-Year Extended Warranty Plan","","[""/Hero Images/Featured In section/MAIN  C ARD/MAIN 2.png""]","[""/Hero Images/Featured In section/MAIN  C ARD/MAIN 2.png""]","match"
"3c227b2b-e0df-4d55-9682-9f7243949bf1","Alliance Aqua Fixed Speed 12 000 BTU","Alliance","[""/Hero Images/Product category pictures/Alliance Aqua front.webp"",""/Hero Images/Product category pictures/Alliance Aqua back.webp"",""/Hero Images/Product category pictures/Alliance Aqua condenser.webp""]","[""/Hero Images/Product category pictures/Alliance Aqua front.webp"",""/Hero Images/Product category pictures/Alliance Aqua back.webp"",""/Hero Images/Product category pictures/Alliance Aqua condenser.webp""]","match"
"187c76d4-0ec3-423c-9a53-f967c5cd7387","Alliance Aqua Fixed Speed 18 000 BTU","Alliance","[""/Hero Images/Product category pictures/Alliance Aqua front.webp"",""/Hero Images/Product category pictures/Alliance Aqua back.webp"",""/Hero Images/Product category pictures/Alliance Aqua condenser.webp""]","[""/Hero Images/Product category pictures/Alliance Aqua front.webp"",""/Hero Images/Product category pictures/Alliance Aqua back.webp"",""/Hero Images/Product category pictures/Alliance Aqua condenser.webp""]","match"
"c7e8adc9-f971-4451-9f63-c81413ee1519","Alliance Aqua Fixed Speed 24 000 BTU","Alliance","[""/Hero Images/Product category pictures/Alliance Aqua front.webp"",""/Hero Images/Product category pictures/Alliance Aqua back.webp"",""/Hero Images/Product category pictures/Alliance Aqua condenser.webp""]","[""/Hero Images/Product category pictures/Alliance Aqua front.webp"",""/Hero Images/Product category pictures/Alliance Aqua back.webp"",""/Hero Images/Product category pictures/Alliance Aqua condenser.webp""]","match"
"7f522649-4ce0-4216-a20d-79767e43ad2d","Alliance Aqua Fixed Speed 9 000 BTU","Alliance","[""/Hero Images/Product category pictures/Alliance Aqua front.webp"",""/Hero Images/Product category pictures/Alliance Aqua back.webp"",""/Hero Images/Product category pictures/Alliance Aqua condenser.webp""]","[""/Hero Images/Product category pictures/Alliance Aqua front.webp"",""/Hero Images/Product category pictures/Alliance Aqua back.webp"",""/Hero Images/Product category pictures/Alliance Aqua condenser.webp""]","match"
"25571491-8b5f-40c6-9153-6cf03235eecc","Alliance Black Mirror Finish Pro Inverter 12 000 BTU","Alliance","[""/Hero Images/Product category pictures/Alliance Black Mirror Finish Pro Inverter front.webp"",""/Hero Images/Product category pictures/Alliance Black Mirror Finish Pro Inverter left.webp"",""/Hero Images/Product category pictures/Alliance Black Mirror Finish Pro Inverter middle.webp"",""/Hero Images/Product category pictures/Alliance Black Mirror Finish Pro Inverter Right.webp"",""/Hero Images/Product category pictures/Alliance Black Mirror Finish Pro Inverter tilt.webp""]","[""/Hero Images/Product category pictures/Alliance Black Mirror Finish Pro Inverter front.webp"",""/Hero Images/Product category pictures/Alliance Black Mirror Finish Pro Inverter left.webp"",""/Hero Images/Product category pictures/Alliance Black Mirror Finish Pro Inverter middle.webp"",""/Hero Images/Product category pictures/Alliance Black Mirror Finish Pro Inverter Right.webp"",""/Hero Images/Product category pictures/Alliance Black Mirror Finish Pro Inverter tilt.webp""]","match"
"0e13774b-43a7-464b-a847-399873b5d6d2","Alliance Black Mirror Finish Pro Inverter 18 000 BTU","Alliance","[""/Hero Images/Product category pictures/Alliance Black Mirror Finish Pro Inverter front.webp"",""/Hero Images/Product category pictures/Alliance Black Mirror Finish Pro Inverter left.webp"",""/Hero Images/Product category pictures/Alliance Black Mirror Finish Pro Inverter middle.webp"",""/Hero Images/Product category pictures/Alliance Black Mirror Finish Pro Inverter Right.webp"",""/Hero Images/Product category pictures/Alliance Black Mirror Finish Pro Inverter tilt.webp""]","[""/Hero Images/Product category pictures/Alliance Black Mirror Finish Pro Inverter front.webp"",""/Hero Images/Product category pictures/Alliance Black Mirror Finish Pro Inverter left.webp"",""/Hero Images/Product category pictures/Alliance Black Mirror Finish Pro Inverter middle.webp"",""/Hero Images/Product category pictures/Alliance Black Mirror Finish Pro Inverter Right.webp"",""/Hero Images/Product category pictures/Alliance Black Mirror Finish Pro Inverter tilt.webp""]","match"
"15056e36-17fa-4c3e-a6cd-d2656ddd6287","Alliance Black Mirror Finish Pro Inverter 24 000 BTU","Alliance","[""/Hero Images/Product category pictures/Alliance Black Mirror Finish Pro Inverter front.webp"",""/Hero Images/Product category pictures/Alliance Black Mirror Finish Pro Inverter left.webp"",""/Hero Images/Product category pictures/Alliance Black Mirror Finish Pro Inverter middle.webp"",""/Hero Images/Product category pictures/Alliance Black Mirror Finish Pro Inverter Right.webp"",""/Hero Images/Product category pictures/Alliance Black Mirror Finish Pro Inverter tilt.webp""]","[""/Hero Images/Product category pictures/Alliance Black Mirror Finish Pro Inverter front.webp"",""/Hero Images/Product category pictures/Alliance Black Mirror Finish Pro Inverter left.webp"",""/Hero Images/Product category pictures/Alliance Black Mirror Finish Pro Inverter middle.webp"",""/Hero Images/Product category pictures/Alliance Black Mirror Finish Pro Inverter Right.webp"",""/Hero Images/Product category pictures/Alliance Black Mirror Finish Pro Inverter tilt.webp""]","match"
"ce754bee-2519-43b3-a38a-d92d8d717e4e","Alliance Black Mirror Finish Pro Inverter 9 000 BTU","Alliance","[""/Hero Images/Product category pictures/Alliance Black Mirror Finish Pro Inverter front.webp"",""/Hero Images/Product category pictures/Alliance Black Mirror Finish Pro Inverter left.webp"",""/Hero Images/Product category pictures/Alliance Black Mirror Finish Pro Inverter middle.webp"",""/Hero Images/Product category pictures/Alliance Black Mirror Finish Pro Inverter Right.webp"",""/Hero Images/Product category pictures/Alliance Black Mirror Finish Pro Inverter tilt.webp""]","[""/Hero Images/Product category pictures/Alliance Black Mirror Finish Pro Inverter front.webp"",""/Hero Images/Product category pictures/Alliance Black Mirror Finish Pro Inverter left.webp"",""/Hero Images/Product category pictures/Alliance Black Mirror Finish Pro Inverter middle.webp"",""/Hero Images/Product category pictures/Alliance Black Mirror Finish Pro Inverter Right.webp"",""/Hero Images/Product category pictures/Alliance Black Mirror Finish Pro Inverter tilt.webp""]","match"
"aa66ed6c-3887-464d-815c-6ffa4c096930","Alliance Cassette Inverter 12 000 BTU","Alliance","[""/Hero Images/Product category pictures/Alliance Cassette Inverter.webp"",""/Hero Images/Product category pictures/Alliance Cassette Non-Inverter.webp""]","[""/Hero Images/Product category pictures/Alliance Cassette Inverter.webp"",""/Hero Images/Product category pictures/Alliance Cassette Non-Inverter.webp""]","match"
"9d8ec1ec-a39c-438f-b165-c66a656945f3","Alliance Cassette Inverter 18 000 BTU","Alliance","[""/Hero Images/Product category pictures/Alliance Cassette Inverter.webp"",""/Hero Images/Product category pictures/Alliance Cassette Non-Inverter.webp""]","[""/Hero Images/Product category pictures/Alliance Cassette Inverter.webp"",""/Hero Images/Product category pictures/Alliance Cassette Non-Inverter.webp""]","match"
"f0914213-3129-4d35-9166-097671c70f60","Alliance Cassette Inverter 24 000 BTU","Alliance","[""/Hero Images/Product category pictures/Alliance Cassette Inverter.webp"",""/Hero Images/Product category pictures/Alliance Cassette Non-Inverter.webp""]","[""/Hero Images/Product category pictures/Alliance Cassette Inverter.webp"",""/Hero Images/Product category pictures/Alliance Cassette Non-Inverter.webp""]","match"
"8d0922fa-1ab4-49a3-a06e-747a8c0c5f86","Alliance Cassette Inverter 36 000 BTU","Alliance","[""/Hero Images/Product category pictures/Alliance Cassette Inverter.webp"",""/Hero Images/Product category pictures/Alliance Cassette Non-Inverter.webp""]","[""/Hero Images/Product category pictures/Alliance Cassette Inverter.webp"",""/Hero Images/Product category pictures/Alliance Cassette Non-Inverter.webp""]","match"
"7223dd19-18d8-484e-9258-a8e60b6a9496","Alliance Cassette Inverter 36 000 BTU","Alliance","[""/Hero Images/Product category pictures/Alliance Cassette Inverter.webp"",""/Hero Images/Product category pictures/Alliance Cassette Non-Inverter.webp""]","[""/Hero Images/Product category pictures/Alliance Cassette Inverter.webp"",""/Hero Images/Product category pictures/Alliance Cassette Non-Inverter.webp""]","match"
"f3ff8e63-f575-4357-94fa-ffa24205724c","Alliance Cassette Inverter 48 000 BTU","Alliance","[""/Hero Images/Product category pictures/Alliance Cassette Inverter.webp"",""/Hero Images/Product category pictures/Alliance Cassette Non-Inverter.webp""]","[""/Hero Images/Product category pictures/Alliance Cassette Inverter.webp"",""/Hero Images/Product category pictures/Alliance Cassette Non-Inverter.webp""]","match"
"7f510b1e-496a-445b-8e23-b78442f96606","Alliance Cassette Inverter 60 000 BTU","Alliance","[""/Hero Images/Product category pictures/Alliance Cassette Inverter.webp"",""/Hero Images/Product category pictures/Alliance Cassette Non-Inverter.webp""]","[""/Hero Images/Product category pictures/Alliance Cassette Inverter.webp"",""/Hero Images/Product category pictures/Alliance Cassette Non-Inverter.webp""]","match"
"a0737cbf-457f-40d6-8208-9a77f4784e7f","Alliance Cassette Non-Inverter 12 000 BTU","Alliance","[""/Hero Images/Product category pictures/Alliance Cassette Inverter.webp"",""/Hero Images/Product category pictures/Alliance Cassette Non-Inverter.webp""]","[""/Hero Images/Product category pictures/Alliance Cassette Inverter.webp"",""/Hero Images/Product category pictures/Alliance Cassette Non-Inverter.webp""]","match"
"211e6527-e184-4889-b103-3c7a12b7a967","Alliance Cassette Non-Inverter 18 000 BTU","Alliance","[""/Hero Images/Product category pictures/Alliance Cassette Inverter.webp"",""/Hero Images/Product category pictures/Alliance Cassette Non-Inverter.webp""]","[""/Hero Images/Product category pictures/Alliance Cassette Inverter.webp"",""/Hero Images/Product category pictures/Alliance Cassette Non-Inverter.webp""]","match"
"b0e05149-648b-47bf-a609-60d822101186","Alliance Cassette Non-Inverter 36 000 BTU","Alliance","[""/Hero Images/Product category pictures/Alliance Cassette Inverter.webp"",""/Hero Images/Product category pictures/Alliance Cassette Non-Inverter.webp""]","[""/Hero Images/Product category pictures/Alliance Cassette Inverter.webp"",""/Hero Images/Product category pictures/Alliance Cassette Non-Inverter.webp""]","match"
"5ebb3ab6-44a7-4c42-89db-d4122e33feaa","Alliance Cassette Non-Inverter 48 000 BTU","Alliance","[""/Hero Images/Product category pictures/Alliance Cassette Inverter.webp"",""/Hero Images/Product category pictures/Alliance Cassette Non-Inverter.webp""]","[""/Hero Images/Product category pictures/Alliance Cassette Inverter.webp"",""/Hero Images/Product category pictures/Alliance Cassette Non-Inverter.webp""]","match"
"673dcf1f-9e3d-4b3a-ae61-f070fcff03ea","Alliance Cassette Non-Inverter 60 000 BTU","Alliance","[""/Hero Images/Product category pictures/Alliance Cassette Inverter.webp"",""/Hero Images/Product category pictures/Alliance Cassette Non-Inverter.webp""]","[""/Hero Images/Product category pictures/Alliance Cassette Inverter.webp"",""/Hero Images/Product category pictures/Alliance Cassette Non-Inverter.webp""]","match"
"a540b082-77e0-4ba6-894a-069b593183d5","Alliance Duct Heavy Commercial Inverter 22.0kW","Alliance","[""/Hero Images/Product category pictures/Alliance Duct Heavy Commercial Inverter.webp""]","[""/Hero Images/Product category pictures/Alliance Duct Heavy Commercial Inverter.webp""]","match"
"761f69a9-54d7-4ca9-8a6a-032fde03362b","Alliance Duct Heavy Commercial Inverter 26.0kW","Alliance","[""/Hero Images/Product category pictures/Alliance Duct Heavy Commercial Inverter.webp""]","[""/Hero Images/Product category pictures/Alliance Duct Heavy Commercial Inverter.webp""]","match"
"422a83f3-4a96-4b37-b432-1b8d3aa92ae3","Alliance Duct Heavy Commercial Inverter 33kW","Alliance","[""/Hero Images/Product category pictures/Alliance Duct Heavy Commercial Inverter.webp""]","[""/Hero Images/Product category pictures/Alliance Duct Heavy Commercial Inverter.webp""]","match"
"56dc729b-8bac-40e2-821e-d84f98f9a27b","Alliance Duct Heavy Commercial Inverter 45.0kW","Alliance","[""/Hero Images/Product category pictures/Alliance Duct Heavy Commercial Inverter.webp""]","[""/Hero Images/Product category pictures/Alliance Duct Heavy Commercial Inverter.webp""]","match"
"3e5ec322-1590-47bc-885f-b61f3de558b6","Alliance Duct Heavy Commercial Inverter 56.0kW","Alliance","[""/Hero Images/Product category pictures/Alliance Duct Heavy Commercial Inverter.webp""]","[""/Hero Images/Product category pictures/Alliance Duct Heavy Commercial Inverter.webp""]","match"
"646230f3-4967-426b-aab0-9a06c36ff39d","Alliance Duct Light Commercial Inverter 24 000 BTU","Alliance","[""/Hero Images/Product category pictures/Alliance Duct Light Commercial Inverter.webp"",""/Hero Images/Product category pictures/Alliance Duct Light Commercial Non-Inverter.webp""]","[""/Hero Images/Product category pictures/Alliance Duct Light Commercial Inverter.webp"",""/Hero Images/Product category pictures/Alliance Duct Light Commercial Non-Inverter.webp""]","match"
"7a0b6a99-eabf-4b00-ab6f-2da189529057","Alliance Duct Light Commercial Inverter 36 000 BTU","Alliance","[""/Hero Images/Product category pictures/Alliance Duct Light Commercial Inverter.webp"",""/Hero Images/Product category pictures/Alliance Duct Light Commercial Non-Inverter.webp""]","[""/Hero Images/Product category pictures/Alliance Duct Light Commercial Inverter.webp"",""/Hero Images/Product category pictures/Alliance Duct Light Commercial Non-Inverter.webp""]","match"
"be068ea0-1507-4ddd-91d2-dd07e17898fb","Alliance Duct Light Commercial Inverter 36 000 BTU","Alliance","[""/Hero Images/Product category pictures/Alliance Duct Light Commercial Inverter.webp"",""/Hero Images/Product category pictures/Alliance Duct Light Commercial Non-Inverter.webp""]","[""/Hero Images/Product category pictures/Alliance Duct Light Commercial Inverter.webp"",""/Hero Images/Product category pictures/Alliance Duct Light Commercial Non-Inverter.webp""]","match"
"5373e807-d14a-4eb6-8b5b-008203d8388e","Alliance Duct Light Commercial Inverter 48 000 BTU","Alliance","[""/Hero Images/Product category pictures/Alliance Duct Light Commercial Inverter.webp"",""/Hero Images/Product category pictures/Alliance Duct Light Commercial Non-Inverter.webp""]","[""/Hero Images/Product category pictures/Alliance Duct Light Commercial Inverter.webp"",""/Hero Images/Product category pictures/Alliance Duct Light Commercial Non-Inverter.webp""]","match"
"165d381f-239b-4c45-ad01-93f00ee95d44","Alliance Duct Light Commercial Inverter 60 000 BTU","Alliance","[""/Hero Images/Product category pictures/Alliance Duct Light Commercial Inverter.webp"",""/Hero Images/Product category pictures/Alliance Duct Light Commercial Non-Inverter.webp""]","[""/Hero Images/Product category pictures/Alliance Duct Light Commercial Inverter.webp"",""/Hero Images/Product category pictures/Alliance Duct Light Commercial Non-Inverter.webp""]","match"
"b978affd-3e95-4500-a609-089d38f4e652","Alliance Duct Light Commercial Non-Inverter 36 000 BTU","Alliance","[""/Hero Images/Product category pictures/Alliance Duct Light Commercial Inverter.webp"",""/Hero Images/Product category pictures/Alliance Duct Light Commercial Non-Inverter.webp""]","[""/Hero Images/Product category pictures/Alliance Duct Light Commercial Inverter.webp"",""/Hero Images/Product category pictures/Alliance Duct Light Commercial Non-Inverter.webp""]","match"
"d573f0dc-b8c4-45b0-a833-d2cf267d1263","Alliance Duct Light Commercial Non-Inverter 48 000 BTU","Alliance","[""/Hero Images/Product category pictures/Alliance Duct Light Commercial Inverter.webp"",""/Hero Images/Product category pictures/Alliance Duct Light Commercial Non-Inverter.webp""]","[""/Hero Images/Product category pictures/Alliance Duct Light Commercial Inverter.webp"",""/Hero Images/Product category pictures/Alliance Duct Light Commercial Non-Inverter.webp""]","match"
"9d644811-b2e5-4654-950c-0ece51c60cb3","Alliance Duct Light Commercial Non-Inverter 60 000 BTU","Alliance","[""/Hero Images/Product category pictures/Alliance Duct Light Commercial Inverter.webp"",""/Hero Images/Product category pictures/Alliance Duct Light Commercial Non-Inverter.webp""]","[""/Hero Images/Product category pictures/Alliance Duct Light Commercial Inverter.webp"",""/Hero Images/Product category pictures/Alliance Duct Light Commercial Non-Inverter.webp""]","match"
"faeadec5-81ab-43d7-a8db-8a825e03e7ef","Alliance Emerald R32 Inverter 12 000 BTU","Alliance","[""/Hero Images/Product category pictures/Alliance Emerald R32 Inverter Front.webp"",""/Hero Images/Product category pictures/Alliance Emerald R32 Inverter l.e.d on.webp"",""/Hero Images/Product category pictures/Alliance Emerald R32 Inverter left.webp""]","[""/Hero Images/Product category pictures/Alliance Emerald R32 Inverter Front.webp"",""/Hero Images/Product category pictures/Alliance Emerald R32 Inverter l.e.d on.webp"",""/Hero Images/Product category pictures/Alliance Emerald R32 Inverter left.webp""]","match"
"3f9b4cff-2dcc-4d16-b80c-39e645fac29e","Alliance Emerald R32 Inverter 18 000 BTU","Alliance","[""/Hero Images/Product category pictures/Alliance Emerald R32 Inverter Front.webp"",""/Hero Images/Product category pictures/Alliance Emerald R32 Inverter l.e.d on.webp"",""/Hero Images/Product category pictures/Alliance Emerald R32 Inverter left.webp""]","[""/Hero Images/Product category pictures/Alliance Emerald R32 Inverter Front.webp"",""/Hero Images/Product category pictures/Alliance Emerald R32 Inverter l.e.d on.webp"",""/Hero Images/Product category pictures/Alliance Emerald R32 Inverter left.webp""]","match"
"73bff102-a2b5-429a-bac8-957e90a4e1a5","Alliance Emerald R32 Inverter 24 000 BTU","Alliance","[""/Hero Images/Product category pictures/Alliance Emerald R32 Inverter Front.webp"",""/Hero Images/Product category pictures/Alliance Emerald R32 Inverter l.e.d on.webp"",""/Hero Images/Product category pictures/Alliance Emerald R32 Inverter left.webp""]","[""/Hero Images/Product category pictures/Alliance Emerald R32 Inverter Front.webp"",""/Hero Images/Product category pictures/Alliance Emerald R32 Inverter l.e.d on.webp"",""/Hero Images/Product category pictures/Alliance Emerald R32 Inverter left.webp""]","match"
"9a4b5245-4028-4873-b2ef-31d74bc117c5","Alliance Emerald R32 Inverter 9 000 BTU","Alliance","[""/Hero Images/Product category pictures/Alliance Emerald R32 Inverter Front.webp"",""/Hero Images/Product category pictures/Alliance Emerald R32 Inverter l.e.d on.webp"",""/Hero Images/Product category pictures/Alliance Emerald R32 Inverter left.webp""]","[""/Hero Images/Product category pictures/Alliance Emerald R32 Inverter Front.webp"",""/Hero Images/Product category pictures/Alliance Emerald R32 Inverter l.e.d on.webp"",""/Hero Images/Product category pictures/Alliance Emerald R32 Inverter left.webp""]","match"
"62e533a1-ddb1-4cff-8cdf-85c1eccee1fb","Alliance Floor Standing Inverter 96 000 BTU","Alliance","[""/Hero Images/Product category pictures/Alliance Floor Standing Inverter.webp"",""/Hero Images/Product category pictures/Alliance Floor Standing Non-Inverter.webp""]","[""/Hero Images/Product category pictures/Alliance Floor Standing Inverter.webp"",""/Hero Images/Product category pictures/Alliance Floor Standing Non-Inverter.webp""]","match"
"a456713a-3610-48a7-9507-3c4807be8592","Alliance Floor Standing Non-Inverter 60 000 BTU","Alliance","[""/Hero Images/Product category pictures/Alliance Floor Standing Inverter.webp"",""/Hero Images/Product category pictures/Alliance Floor Standing Non-Inverter.webp""]","[""/Hero Images/Product category pictures/Alliance Floor Standing Inverter.webp"",""/Hero Images/Product category pictures/Alliance Floor Standing Non-Inverter.webp""]","match"
"41125f4f-ca3a-4c4c-8e77-aba389ac2509","Alliance FOUS34 Fixed Speed 34 000 BTU","Alliance","[""/Hero Images/Product category pictures/Alliance FOUS front.webp"",""/Hero Images/Product category pictures/Alliance FOUS side.webp""]","[""/Hero Images/Product category pictures/Alliance FOUS front.webp"",""/Hero Images/Product category pictures/Alliance FOUS side.webp""]","match"
"3c1b0f3f-8c93-4b1d-a038-d628681e216b","Alliance FOUSI36 Inverter 36 000 BTU","Alliance","[""/Hero Images/Product category pictures/Alliance FOUS front.webp"",""/Hero Images/Product category pictures/Alliance FOUS side.webp""]","[""/Hero Images/Product category pictures/Alliance FOUS front.webp"",""/Hero Images/Product category pictures/Alliance FOUS side.webp""]","match"
"0e32f43f-5602-447a-9767-c0c7ac738a96","Alliance Large Rooftop Non-Inverter 105.0kW","Alliance","[""/Hero Images/Product category pictures/Alliance Large Rooftop Non-Inverter.webp""]","[""/Hero Images/Product category pictures/Alliance Large Rooftop Non-Inverter.webp""]","match"
"c92bd955-a4f5-4d44-b517-a7acb5d52c39","Alliance Large Rooftop Non-Inverter 140.0kW","Alliance","[""/Hero Images/Product category pictures/Alliance Large Rooftop Non-Inverter.webp""]","[""/Hero Images/Product category pictures/Alliance Large Rooftop Non-Inverter.webp""]","match"
"128c3a3d-4ca2-4401-aafa-95b71aa7bfbd","Alliance Large Rooftop Non-Inverter 180.0kW","Alliance","[""/Hero Images/Product category pictures/Alliance Large Rooftop Non-Inverter.webp""]","[""/Hero Images/Product category pictures/Alliance Large Rooftop Non-Inverter.webp""]","match"
"87cc1935-3dee-4651-89ea-e29c43588076","Alliance Large Rooftop Non-Inverter 210.0kW","Alliance","[""/Hero Images/Product category pictures/Alliance Large Rooftop Non-Inverter.webp""]","[""/Hero Images/Product category pictures/Alliance Large Rooftop Non-Inverter.webp""]","match"
"38d05a3e-6422-40de-bb66-816e7fd388c8","Alliance Large Rooftop Non-Inverter 280.0kW","Alliance","[""/Hero Images/Product category pictures/Alliance Large Rooftop Non-Inverter.webp""]","[""/Hero Images/Product category pictures/Alliance Large Rooftop Non-Inverter.webp""]","match"
"9aa232c5-495c-4cb5-ba90-d357528d623b","Alliance Large Rooftop Non-Inverter 370.0kW","Alliance","[""/Hero Images/Product category pictures/Alliance Large Rooftop Non-Inverter.webp""]","[""/Hero Images/Product category pictures/Alliance Large Rooftop Non-Inverter.webp""]","match"
"fdf77430-9616-4564-90c3-ad5a78f3e5c8","Alliance Portable 12 000 BTU","Alliance","[""/Hero Images/Product category pictures/Alliance Portable.webp""]","[""/Hero Images/Product category pictures/Alliance Portable.webp""]","match"
"7c322419-1b00-4532-a70a-fcf36377e677","Alliance Rooftop Inverter 102.0kW","Alliance","[""/Hero Images/Product category pictures/Alliance Rooftop Inverter front.webp"",""/Hero Images/Product category pictures/Alliance Rooftop Inverter side.webp"",""/Hero Images/Product category pictures/Alliance Rooftop Non-Inverter Front.webp"",""/Hero Images/Product category pictures/Alliance Rooftop Non-Inverter back.webp"",""/Hero Images/Product category pictures/Alliance Rooftop Non-Inverter side.webp""]","[""/Hero Images/Product category pictures/Alliance Rooftop Inverter front.webp"",""/Hero Images/Product category pictures/Alliance Rooftop Inverter side.webp"",""/Hero Images/Product category pictures/Alliance Rooftop Non-Inverter Front.webp"",""/Hero Images/Product category pictures/Alliance Rooftop Non-Inverter back.webp"",""/Hero Images/Product category pictures/Alliance Rooftop Non-Inverter side.webp""]","match"
"2d8fcac1-7491-4b68-b0e3-c5d105841b06","Alliance Rooftop Inverter 26.0kW","Alliance","[""/Hero Images/Product category pictures/Alliance Rooftop Inverter front.webp"",""/Hero Images/Product category pictures/Alliance Rooftop Inverter side.webp"",""/Hero Images/Product category pictures/Alliance Rooftop Non-Inverter Front.webp"",""/Hero Images/Product category pictures/Alliance Rooftop Non-Inverter back.webp"",""/Hero Images/Product category pictures/Alliance Rooftop Non-Inverter side.webp""]","[""/Hero Images/Product category pictures/Alliance Rooftop Inverter front.webp"",""/Hero Images/Product category pictures/Alliance Rooftop Inverter side.webp"",""/Hero Images/Product category pictures/Alliance Rooftop Non-Inverter Front.webp"",""/Hero Images/Product category pictures/Alliance Rooftop Non-Inverter back.webp"",""/Hero Images/Product category pictures/Alliance Rooftop Non-Inverter side.webp""]","match"
"6c03879b-0b0e-4315-bc63-7feb5e394291","Alliance Rooftop Inverter 35.0kW","Alliance","[""/Hero Images/Product category pictures/Alliance Rooftop Inverter front.webp"",""/Hero Images/Product category pictures/Alliance Rooftop Inverter side.webp"",""/Hero Images/Product category pictures/Alliance Rooftop Non-Inverter Front.webp"",""/Hero Images/Product category pictures/Alliance Rooftop Non-Inverter back.webp"",""/Hero Images/Product category pictures/Alliance Rooftop Non-Inverter side.webp""]","[""/Hero Images/Product category pictures/Alliance Rooftop Inverter front.webp"",""/Hero Images/Product category pictures/Alliance Rooftop Inverter side.webp"",""/Hero Images/Product category pictures/Alliance Rooftop Non-Inverter Front.webp"",""/Hero Images/Product category pictures/Alliance Rooftop Non-Inverter back.webp"",""/Hero Images/Product category pictures/Alliance Rooftop Non-Inverter side.webp""]","match"
"4c2079db-3051-419a-a9f7-107b2a40a92e","Alliance Rooftop Inverter 52.0kW","Alliance","[""/Hero Images/Product category pictures/Alliance Rooftop Inverter front.webp"",""/Hero Images/Product category pictures/Alliance Rooftop Inverter side.webp"",""/Hero Images/Product category pictures/Alliance Rooftop Non-Inverter Front.webp"",""/Hero Images/Product category pictures/Alliance Rooftop Non-Inverter back.webp"",""/Hero Images/Product category pictures/Alliance Rooftop Non-Inverter side.webp""]","[""/Hero Images/Product category pictures/Alliance Rooftop Inverter front.webp"",""/Hero Images/Product category pictures/Alliance Rooftop Inverter side.webp"",""/Hero Images/Product category pictures/Alliance Rooftop Non-Inverter Front.webp"",""/Hero Images/Product category pictures/Alliance Rooftop Non-Inverter back.webp"",""/Hero Images/Product category pictures/Alliance Rooftop Non-Inverter side.webp""]","match"
"7570ab59-3801-4d7d-b47c-ee214bd692d1","Alliance Rooftop Inverter 70.0kW","Alliance","[""/Hero Images/Product category pictures/Alliance Rooftop Inverter front.webp"",""/Hero Images/Product category pictures/Alliance Rooftop Inverter side.webp"",""/Hero Images/Product category pictures/Alliance Rooftop Non-Inverter Front.webp"",""/Hero Images/Product category pictures/Alliance Rooftop Non-Inverter back.webp"",""/Hero Images/Product category pictures/Alliance Rooftop Non-Inverter side.webp""]","[""/Hero Images/Product category pictures/Alliance Rooftop Inverter front.webp"",""/Hero Images/Product category pictures/Alliance Rooftop Inverter side.webp"",""/Hero Images/Product category pictures/Alliance Rooftop Non-Inverter Front.webp"",""/Hero Images/Product category pictures/Alliance Rooftop Non-Inverter back.webp"",""/Hero Images/Product category pictures/Alliance Rooftop Non-Inverter side.webp""]","match"
"b3daf3f1-bdf7-4ee7-b26a-356fa6bf453e","Alliance Rooftop Inverter 87.0kW","Alliance","[""/Hero Images/Product category pictures/Alliance Rooftop Inverter front.webp"",""/Hero Images/Product category pictures/Alliance Rooftop Inverter side.webp"",""/Hero Images/Product category pictures/Alliance Rooftop Non-Inverter Front.webp"",""/Hero Images/Product category pictures/Alliance Rooftop Non-Inverter back.webp"",""/Hero Images/Product category pictures/Alliance Rooftop Non-Inverter side.webp""]","[""/Hero Images/Product category pictures/Alliance Rooftop Inverter front.webp"",""/Hero Images/Product category pictures/Alliance Rooftop Inverter side.webp"",""/Hero Images/Product category pictures/Alliance Rooftop Non-Inverter Front.webp"",""/Hero Images/Product category pictures/Alliance Rooftop Non-Inverter back.webp"",""/Hero Images/Product category pictures/Alliance Rooftop Non-Inverter side.webp""]","match"
"f8c6e381-9af2-4a33-ad95-58143eb724d5","Alliance Rooftop Non-Inverter 26.0kW","Alliance","[""/Hero Images/Product category pictures/Alliance Rooftop Inverter front.webp"",""/Hero Images/Product category pictures/Alliance Rooftop Inverter side.webp"",""/Hero Images/Product category pictures/Alliance Rooftop Non-Inverter Front.webp"",""/Hero Images/Product category pictures/Alliance Rooftop Non-Inverter back.webp"",""/Hero Images/Product category pictures/Alliance Rooftop Non-Inverter side.webp""]","[""/Hero Images/Product category pictures/Alliance Rooftop Inverter front.webp"",""/Hero Images/Product category pictures/Alliance Rooftop Inverter side.webp"",""/Hero Images/Product category pictures/Alliance Rooftop Non-Inverter Front.webp"",""/Hero Images/Product category pictures/Alliance Rooftop Non-Inverter back.webp"",""/Hero Images/Product category pictures/Alliance Rooftop Non-Inverter side.webp""]","match"
"234632a1-9b4e-4fb3-b092-32dd0cd7ce8d","Alliance Rooftop Non-Inverter 35.0kW","Alliance","[""/Hero Images/Product category pictures/Alliance Rooftop Inverter front.webp"",""/Hero Images/Product category pictures/Alliance Rooftop Inverter side.webp"",""/Hero Images/Product category pictures/Alliance Rooftop Non-Inverter Front.webp"",""/Hero Images/Product category pictures/Alliance Rooftop Non-Inverter back.webp"",""/Hero Images/Product category pictures/Alliance Rooftop Non-Inverter side.webp""]","[""/Hero Images/Product category pictures/Alliance Rooftop Inverter front.webp"",""/Hero Images/Product category pictures/Alliance Rooftop Inverter side.webp"",""/Hero Images/Product category pictures/Alliance Rooftop Non-Inverter Front.webp"",""/Hero Images/Product category pictures/Alliance Rooftop Non-Inverter back.webp"",""/Hero Images/Product category pictures/Alliance Rooftop Non-Inverter side.webp""]","match"
"ecc56659-6167-4eb3-9496-7db5d41b33a8","Alliance Rooftop Non-Inverter 53.0kW","Alliance","[""/Hero Images/Product category pictures/Alliance Rooftop Inverter front.webp"",""/Hero Images/Product category pictures/Alliance Rooftop Inverter side.webp"",""/Hero Images/Product category pictures/Alliance Rooftop Non-Inverter Front.webp"",""/Hero Images/Product category pictures/Alliance Rooftop Non-Inverter back.webp"",""/Hero Images/Product category pictures/Alliance Rooftop Non-Inverter side.webp""]","[""/Hero Images/Product category pictures/Alliance Rooftop Inverter front.webp"",""/Hero Images/Product category pictures/Alliance Rooftop Inverter side.webp"",""/Hero Images/Product category pictures/Alliance Rooftop Non-Inverter Front.webp"",""/Hero Images/Product category pictures/Alliance Rooftop Non-Inverter back.webp"",""/Hero Images/Product category pictures/Alliance Rooftop Non-Inverter side.webp""]","match"
"78eabe01-63f5-4fde-b089-431aebd2ca79","Alliance Rooftop Non-Inverter 70.0kW","Alliance","[""/Hero Images/Product category pictures/Alliance Rooftop Inverter front.webp"",""/Hero Images/Product category pictures/Alliance Rooftop Inverter side.webp"",""/Hero Images/Product category pictures/Alliance Rooftop Non-Inverter Front.webp"",""/Hero Images/Product category pictures/Alliance Rooftop Non-Inverter back.webp"",""/Hero Images/Product category pictures/Alliance Rooftop Non-Inverter side.webp""]","[""/Hero Images/Product category pictures/Alliance Rooftop Inverter front.webp"",""/Hero Images/Product category pictures/Alliance Rooftop Inverter side.webp"",""/Hero Images/Product category pictures/Alliance Rooftop Non-Inverter Front.webp"",""/Hero Images/Product category pictures/Alliance Rooftop Non-Inverter back.webp"",""/Hero Images/Product category pictures/Alliance Rooftop Non-Inverter side.webp""]","match"
"4fa140f7-e248-47fc-80ee-364888ad6f62","Alliance Rooftop Non-Inverter 87.0kW","Alliance","[""/Hero Images/Product category pictures/Alliance Rooftop Inverter front.webp"",""/Hero Images/Product category pictures/Alliance Rooftop Inverter side.webp"",""/Hero Images/Product category pictures/Alliance Rooftop Non-Inverter Front.webp"",""/Hero Images/Product category pictures/Alliance Rooftop Non-Inverter back.webp"",""/Hero Images/Product category pictures/Alliance Rooftop Non-Inverter side.webp""]","[""/Hero Images/Product category pictures/Alliance Rooftop Inverter front.webp"",""/Hero Images/Product category pictures/Alliance Rooftop Inverter side.webp"",""/Hero Images/Product category pictures/Alliance Rooftop Non-Inverter Front.webp"",""/Hero Images/Product category pictures/Alliance Rooftop Non-Inverter back.webp"",""/Hero Images/Product category pictures/Alliance Rooftop Non-Inverter side.webp""]","match"
"ddbf6008-f0ba-4a75-9d5b-cc995800fd7d","Alliance Rooftop Non-Inverter 98.0kW","Alliance","[""/Hero Images/Product category pictures/Alliance Rooftop Inverter front.webp"",""/Hero Images/Product category pictures/Alliance Rooftop Inverter side.webp"",""/Hero Images/Product category pictures/Alliance Rooftop Non-Inverter Front.webp"",""/Hero Images/Product category pictures/Alliance Rooftop Non-Inverter back.webp"",""/Hero Images/Product category pictures/Alliance Rooftop Non-Inverter side.webp""]","[""/Hero Images/Product category pictures/Alliance Rooftop Inverter front.webp"",""/Hero Images/Product category pictures/Alliance Rooftop Inverter side.webp"",""/Hero Images/Product category pictures/Alliance Rooftop Non-Inverter Front.webp"",""/Hero Images/Product category pictures/Alliance Rooftop Non-Inverter back.webp"",""/Hero Images/Product category pictures/Alliance Rooftop Non-Inverter side.webp""]","match"
"a9c97250-bb32-4ecb-8712-3193a658c8c1","Alliance Underceiling Inverter 36 000 BTU","Alliance","[""/Hero Images/Product category pictures/Alliance Underceiling Inverter.webp"",""/Hero Images/Product category pictures/Alliance Underceiling Non-Inverter.webp""]","[""/Hero Images/Product category pictures/Alliance Underceiling Inverter.webp"",""/Hero Images/Product category pictures/Alliance Underceiling Non-Inverter.webp""]","match"
"03668b56-f69c-4a7b-b422-bb7f5d1b2a80","Alliance Underceiling Inverter 36 000 BTU","Alliance","[""/Hero Images/Product category pictures/Alliance Underceiling Inverter.webp"",""/Hero Images/Product category pictures/Alliance Underceiling Non-Inverter.webp""]","[""/Hero Images/Product category pictures/Alliance Underceiling Inverter.webp"",""/Hero Images/Product category pictures/Alliance Underceiling Non-Inverter.webp""]","match"
"64e28140-f2a7-4dd9-8df9-8c43ae25c804","Alliance Underceiling Inverter 48 000 BTU","Alliance","[""/Hero Images/Product category pictures/Alliance Underceiling Inverter.webp"",""/Hero Images/Product category pictures/Alliance Underceiling Non-Inverter.webp""]","[""/Hero Images/Product category pictures/Alliance Underceiling Inverter.webp"",""/Hero Images/Product category pictures/Alliance Underceiling Non-Inverter.webp""]","match"
"923ec1c7-c0b1-4f32-9258-09f63f8e5934","Alliance Underceiling Inverter 60 000 BTU","Alliance","[""/Hero Images/Product category pictures/Alliance Underceiling Inverter.webp"",""/Hero Images/Product category pictures/Alliance Underceiling Non-Inverter.webp""]","[""/Hero Images/Product category pictures/Alliance Underceiling Inverter.webp"",""/Hero Images/Product category pictures/Alliance Underceiling Non-Inverter.webp""]","match"
"83a06bad-2757-4e0d-8c93-82b0d06c1d67","Alliance Underceiling Non-Inverter 36 000 BTU","Alliance","[""/Hero Images/Product category pictures/Alliance Underceiling Inverter.webp"",""/Hero Images/Product category pictures/Alliance Underceiling Non-Inverter.webp""]","[""/Hero Images/Product category pictures/Alliance Underceiling Inverter.webp"",""/Hero Images/Product category pictures/Alliance Underceiling Non-Inverter.webp""]","match"
"cda9cb49-ffaa-495b-8427-51c0d6fae723","Alliance Underceiling Non-Inverter 48 000 BTU","Alliance","[""/Hero Images/Product category pictures/Alliance Underceiling Inverter.webp"",""/Hero Images/Product category pictures/Alliance Underceiling Non-Inverter.webp""]","[""/Hero Images/Product category pictures/Alliance Underceiling Inverter.webp"",""/Hero Images/Product category pictures/Alliance Underceiling Non-Inverter.webp""]","match"
"091591a8-78f6-4b7b-a570-1c6eec218799","Alliance Underceiling Non-Inverter 60 000 BTU","Alliance","[""/Hero Images/Product category pictures/Alliance Underceiling Inverter.webp"",""/Hero Images/Product category pictures/Alliance Underceiling Non-Inverter.webp""]","[""/Hero Images/Product category pictures/Alliance Underceiling Inverter.webp"",""/Hero Images/Product category pictures/Alliance Underceiling Non-Inverter.webp""]","match"
"fd122b90-e172-465e-97e5-743fa98c34fc","Alliance Window Wall Cooling Only 9 000 BTU","Alliance","[""/Hero Images/Product category pictures/Alliance Window Wall Cooling Only.webp"",""/Hero Images/Product category pictures/Alliance Window Wall Heat Pump.webp""]","[""/Hero Images/Product category pictures/Alliance Window Wall Cooling Only.webp"",""/Hero Images/Product category pictures/Alliance Window Wall Heat Pump.webp""]","match"
"4d7977a2-f4ad-421c-b3f8-e37afbdbcd74","Alliance Window Wall Heat Pump R32 12 000 BTU","Alliance","[""/Hero Images/Product category pictures/Alliance Window Wall Cooling Only.webp"",""/Hero Images/Product category pictures/Alliance Window Wall Heat Pump.webp""]","[""/Hero Images/Product category pictures/Alliance Window Wall Cooling Only.webp"",""/Hero Images/Product category pictures/Alliance Window Wall Heat Pump.webp""]","match"
"9a7c8992-3d4e-4d44-9cf5-efd95c5a8573","Alliance Window Wall Heat Pump R32 18 000 BTU","Alliance","[""/Hero Images/Product category pictures/Alliance Window Wall Cooling Only.webp"",""/Hero Images/Product category pictures/Alliance Window Wall Heat Pump.webp""]","[""/Hero Images/Product category pictures/Alliance Window Wall Cooling Only.webp"",""/Hero Images/Product category pictures/Alliance Window Wall Heat Pump.webp""]","match"
"31e61a01-da95-4147-a9f4-10deadcd55b1","Alliance Window Wall Heat Pump R32 9 000 BTU","Alliance","[""/Hero Images/Product category pictures/Alliance Window Wall Cooling Only.webp"",""/Hero Images/Product category pictures/Alliance Window Wall Heat Pump.webp""]","[""/Hero Images/Product category pictures/Alliance Window Wall Cooling Only.webp"",""/Hero Images/Product category pictures/Alliance Window Wall Heat Pump.webp""]","match"
"d42de791-789d-493d-9ee8-b7529f538fbb","Annual Maintenance Plan","","[""/Hero Images/Featured In section/MAIN  C ARD/MAIN 2.png""]","[""/Hero Images/Featured In section/MAIN  C ARD/MAIN 2.png""]","match"
"3dc8f449-c8f9-4319-acc8-85561f1991fd","Comfee Comfee Fixed Speed 12 000 BTU","Comfee","[""/Hero Images/Product category pictures/Comfee Comfee combo front.webp"",""/Hero Images/Product category pictures/Comfee Comfee front side.webp"",""/Hero Images/Product category pictures/Comfee Comfee details.webp"",""/Hero Images/Product category pictures/Comfee Comfee condesnser.webp""]","[""/Hero Images/Product category pictures/Comfee Comfee combo front.webp"",""/Hero Images/Product category pictures/Comfee Comfee front side.webp"",""/Hero Images/Product category pictures/Comfee Comfee details.webp"",""/Hero Images/Product category pictures/Comfee Comfee condesnser.webp""]","match"
"44e08e90-d190-4fa2-a2a5-0819966a9fe7","Comfee Comfee Fixed Speed 17 000 BTU","Comfee","[""/Hero Images/Product category pictures/Comfee Comfee combo front.webp"",""/Hero Images/Product category pictures/Comfee Comfee front side.webp"",""/Hero Images/Product category pictures/Comfee Comfee details.webp"",""/Hero Images/Product category pictures/Comfee Comfee condesnser.webp""]","[""/Hero Images/Product category pictures/Comfee Comfee combo front.webp"",""/Hero Images/Product category pictures/Comfee Comfee front side.webp"",""/Hero Images/Product category pictures/Comfee Comfee details.webp"",""/Hero Images/Product category pictures/Comfee Comfee condesnser.webp""]","match"
"6c590b8c-8b81-4ab8-8f5a-68d2bdf51be3","Comfee Comfee Fixed Speed 22 000 BTU","Comfee","[""/Hero Images/Product category pictures/Comfee Comfee combo front.webp"",""/Hero Images/Product category pictures/Comfee Comfee front side.webp"",""/Hero Images/Product category pictures/Comfee Comfee details.webp"",""/Hero Images/Product category pictures/Comfee Comfee condesnser.webp""]","[""/Hero Images/Product category pictures/Comfee Comfee combo front.webp"",""/Hero Images/Product category pictures/Comfee Comfee front side.webp"",""/Hero Images/Product category pictures/Comfee Comfee details.webp"",""/Hero Images/Product category pictures/Comfee Comfee condesnser.webp""]","match"
"295b4382-18a4-4288-8734-8a856888f805","Comfee Comfee Fixed Speed 9 000 BTU","Comfee","[""/Hero Images/Product category pictures/Comfee Comfee combo front.webp"",""/Hero Images/Product category pictures/Comfee Comfee front side.webp"",""/Hero Images/Product category pictures/Comfee Comfee details.webp"",""/Hero Images/Product category pictures/Comfee Comfee condesnser.webp""]","[""/Hero Images/Product category pictures/Comfee Comfee combo front.webp"",""/Hero Images/Product category pictures/Comfee Comfee front side.webp"",""/Hero Images/Product category pictures/Comfee Comfee details.webp"",""/Hero Images/Product category pictures/Comfee Comfee condesnser.webp""]","match"
"f01076cf-0cec-46bc-9550-003bbe5599e5","Comfee Comfee Inverter 12 000 BTU","Comfee","[""/Hero Images/Product category pictures/Comfee Comfee combo front.webp"",""/Hero Images/Product category pictures/Comfee Comfee front side.webp"",""/Hero Images/Product category pictures/Comfee Comfee details.webp"",""/Hero Images/Product category pictures/Comfee Comfee condesnser.webp""]","[""/Hero Images/Product category pictures/Comfee Comfee combo front.webp"",""/Hero Images/Product category pictures/Comfee Comfee front side.webp"",""/Hero Images/Product category pictures/Comfee Comfee details.webp"",""/Hero Images/Product category pictures/Comfee Comfee condesnser.webp""]","match"
"1a43f75c-6608-4a6d-91e7-bc33123eb8a8","Comfee Comfee Inverter 18 000 BTU","Comfee","[""/Hero Images/Product category pictures/Comfee Comfee combo front.webp"",""/Hero Images/Product category pictures/Comfee Comfee front side.webp"",""/Hero Images/Product category pictures/Comfee Comfee details.webp"",""/Hero Images/Product category pictures/Comfee Comfee condesnser.webp""]","[""/Hero Images/Product category pictures/Comfee Comfee combo front.webp"",""/Hero Images/Product category pictures/Comfee Comfee front side.webp"",""/Hero Images/Product category pictures/Comfee Comfee details.webp"",""/Hero Images/Product category pictures/Comfee Comfee condesnser.webp""]","match"
"223f19d8-0f98-46e3-b08b-fe3bc01ffcfd","Comfee Comfee Inverter 23 000 BTU","Comfee","[""/Hero Images/Product category pictures/Comfee Comfee combo front.webp"",""/Hero Images/Product category pictures/Comfee Comfee front side.webp"",""/Hero Images/Product category pictures/Comfee Comfee details.webp"",""/Hero Images/Product category pictures/Comfee Comfee condesnser.webp""]","[""/Hero Images/Product category pictures/Comfee Comfee combo front.webp"",""/Hero Images/Product category pictures/Comfee Comfee front side.webp"",""/Hero Images/Product category pictures/Comfee Comfee details.webp"",""/Hero Images/Product category pictures/Comfee Comfee condesnser.webp""]","match"
"541a1d7a-8409-49ba-86e6-73296d1a57a6","Comfee Comfee Inverter 9 000 BTU","Comfee","[""/Hero Images/Product category pictures/Comfee Comfee combo front.webp"",""/Hero Images/Product category pictures/Comfee Comfee front side.webp"",""/Hero Images/Product category pictures/Comfee Comfee details.webp"",""/Hero Images/Product category pictures/Comfee Comfee condesnser.webp""]","[""/Hero Images/Product category pictures/Comfee Comfee combo front.webp"",""/Hero Images/Product category pictures/Comfee Comfee front side.webp"",""/Hero Images/Product category pictures/Comfee Comfee details.webp"",""/Hero Images/Product category pictures/Comfee Comfee condesnser.webp""]","match"
"518bc55e-1533-4e39-a885-2b0b0ba648fb","Copper Pipe Kit 3m Complete Set","","[""/Hero Images/Featured In section/Midea 6,000 BTU DOE Smart Portable Air Conditioner,.png"",""/Hero Images/Featured In section/Midea 6,000 BTU DOE Smart Portable Air Conditioner,.png""]","[""/Hero Images/Featured In section/Midea 6,000 BTU DOE Smart Portable Air Conditioner,.png"",""/Hero Images/Featured In section/Midea 6,000 BTU DOE Smart Portable Air Conditioner,.png""]","match"
"712b7ad2-a3b7-49b6-9986-af05102a2462","Daikin 24000BTU Commercial Ducted System","Daikin","[""/Hero Images/Product category pictures/Daikin Sky Air R407C Ducted Split Non-Inverter (Limited stock).webp"",""/Hero Images/Product category pictures/Daikin Multi Split Outdoor Unit.webp""]","[""/Hero Images/Product category pictures/Daikin Sky Air R407C Ducted Split Non-Inverter (Limited stock).webp"",""/Hero Images/Product category pictures/Daikin Multi Split Outdoor Unit.webp""]","match"
"68c7ca1b-b8ab-4840-8313-29c0f9d8dba2","Daikin Emura Split FTXJ25AB (Black)","Daikin","[""/Hero Images/Product category pictures/Daikin Emura Split FTXJ25AB (Black) 1.webp"",""/Hero Images/Product category pictures/Daikin Emura Split FTXJ25AB (Black) 2.webp"",""/Hero Images/Product category pictures/Daikin Emura Split FTXJ25AB (Black) 3.webp""]","[""/Hero Images/Product category pictures/Daikin Emura Split FTXJ25AB (Black) 1.webp"",""/Hero Images/Product category pictures/Daikin Emura Split FTXJ25AB (Black) 2.webp"",""/Hero Images/Product category pictures/Daikin Emura Split FTXJ25AB (Black) 3.webp""]","match"
"827a6264-6508-40ce-bc5c-8b50952a73fc","Daikin Emura Split FTXJ25AS (Silver)","Daikin","[""/Hero Images/Product category pictures/Daikin Emura Split FTXJ25AW (White).webp"",""/Hero Images/Product category pictures/Daikin Emura Split FTXJ25AW (White)4.webp"",""/Hero Images/Product category pictures/Daikin Emura Split FTXJ25AW (White) remote.webp"",""/Hero Images/Product category pictures/Daikin Emura Split FTXJ25AW (White) 3.webp""]","[""/Hero Images/Product category pictures/Daikin Emura Split FTXJ25AW (White).webp"",""/Hero Images/Product category pictures/Daikin Emura Split FTXJ25AW (White)4.webp"",""/Hero Images/Product category pictures/Daikin Emura Split FTXJ25AW (White) remote.webp"",""/Hero Images/Product category pictures/Daikin Emura Split FTXJ25AW (White) 3.webp""]","match"
"2c7c9353-cfd6-4b31-86eb-7a704d5af411","Daikin Emura Split FTXJ25AW (White)","Daikin","[""/Hero Images/Product category pictures/Daikin Emura Split FTXJ25AW (White).webp"",""/Hero Images/Product category pictures/Daikin Emura Split FTXJ25AW (White)4.webp"",""/Hero Images/Product category pictures/Daikin Emura Split FTXJ25AW (White) remote.webp"",""/Hero Images/Product category pictures/Daikin Emura Split FTXJ25AW (White) 3.webp""]","[""/Hero Images/Product category pictures/Daikin Emura Split FTXJ25AW (White).webp"",""/Hero Images/Product category pictures/Daikin Emura Split FTXJ25AW (White)4.webp"",""/Hero Images/Product category pictures/Daikin Emura Split FTXJ25AW (White) remote.webp"",""/Hero Images/Product category pictures/Daikin Emura Split FTXJ25AW (White) 3.webp""]","match"
"a5baec0b-f048-4190-a220-35b014b1cd44","Daikin Emura Split FTXJ35AB (Black)","Daikin","[""/Hero Images/Product category pictures/Daikin Emura Split FTXJ25AB (Black) 1.webp"",""/Hero Images/Product category pictures/Daikin Emura Split FTXJ25AB (Black) 2.webp"",""/Hero Images/Product category pictures/Daikin Emura Split FTXJ25AB (Black) 3.webp""]","[""/Hero Images/Product category pictures/Daikin Emura Split FTXJ25AB (Black) 1.webp"",""/Hero Images/Product category pictures/Daikin Emura Split FTXJ25AB (Black) 2.webp"",""/Hero Images/Product category pictures/Daikin Emura Split FTXJ25AB (Black) 3.webp""]","match"
"c922cb0a-2825-449e-aa07-322e77ac48b5","Daikin Emura Split FTXJ35AS (Silver)","Daikin","[""/Hero Images/Product category pictures/Daikin Emura Split FTXJ25AS (Silver) 1.webp"",""/Hero Images/Product category pictures/Daikin Emura Split FTXJ25AS (Silver) 3.webp"",""/Hero Images/Product category pictures/Daikin Emura Split FTXJ25AS (Silver) 5.webp"",""/Hero Images/Product category pictures/Daikin Emura Split FTXJ25AS (Silver) condensert.webp""]","[""/Hero Images/Product category pictures/Daikin Emura Split FTXJ25AS (Silver) 1.webp"",""/Hero Images/Product category pictures/Daikin Emura Split FTXJ25AS (Silver) 3.webp"",""/Hero Images/Product category pictures/Daikin Emura Split FTXJ25AS (Silver) 5.webp"",""/Hero Images/Product category pictures/Daikin Emura Split FTXJ25AS (Silver) condensert.webp""]","match"
"19d3e8a1-4c5f-41bc-8bc2-2e73ed528f8d","Daikin Emura Split FTXJ35AW (White)","Daikin","[""/Hero Images/Product category pictures/Daikin Emura Split FTXJ25AW (White).webp"",""/Hero Images/Product category pictures/Daikin Emura Split FTXJ25AW (White)4.webp"",""/Hero Images/Product category pictures/Daikin Emura Split FTXJ25AW (White) remote.webp"",""/Hero Images/Product category pictures/Daikin Emura Split FTXJ25AW (White) 3.webp""]","[""/Hero Images/Product category pictures/Daikin Emura Split FTXJ25AW (White).webp"",""/Hero Images/Product category pictures/Daikin Emura Split FTXJ25AW (White)4.webp"",""/Hero Images/Product category pictures/Daikin Emura Split FTXJ25AW (White) remote.webp"",""/Hero Images/Product category pictures/Daikin Emura Split FTXJ25AW (White) 3.webp""]","match"
"fb9c7509-fc2d-480e-bf92-0d91faced418","Daikin Emura Split FTXJ50AB (Black)","Daikin","[""/Hero Images/Product category pictures/Daikin Emura Split FTXJ25AB (Black) 1.webp"",""/Hero Images/Product category pictures/Daikin Emura Split FTXJ25AB (Black) 2.webp"",""/Hero Images/Product category pictures/Daikin Emura Split FTXJ25AB (Black) 3.webp""]","[""/Hero Images/Product category pictures/Daikin Emura Split FTXJ25AB (Black) 1.webp"",""/Hero Images/Product category pictures/Daikin Emura Split FTXJ25AB (Black) 2.webp"",""/Hero Images/Product category pictures/Daikin Emura Split FTXJ25AB (Black) 3.webp""]","match"
"9fa36020-8ce7-46bb-a40c-74081d3eff45","Daikin Emura Split FTXJ50AS (Silver)","Daikin","[""/Hero Images/Product category pictures/Daikin Emura Split FTXJ25AS (Silver) 1.webp"",""/Hero Images/Product category pictures/Daikin Emura Split FTXJ25AS (Silver) 3.webp"",""/Hero Images/Product category pictures/Daikin Emura Split FTXJ25AS (Silver) 5.webp"",""/Hero Images/Product category pictures/Daikin Emura Split FTXJ25AS (Silver) condensert.webp""]","[""/Hero Images/Product category pictures/Daikin Emura Split FTXJ25AS (Silver) 1.webp"",""/Hero Images/Product category pictures/Daikin Emura Split FTXJ25AS (Silver) 3.webp"",""/Hero Images/Product category pictures/Daikin Emura Split FTXJ25AS (Silver) 5.webp"",""/Hero Images/Product category pictures/Daikin Emura Split FTXJ25AS (Silver) condensert.webp""]","match"
"8b6cbffc-36f1-475c-b14a-edd8723f0b3f","Daikin Emura Split FTXJ50AW (White)","Daikin","[""/Hero Images/Product category pictures/Daikin Emura Split FTXJ25AW (White).webp"",""/Hero Images/Product category pictures/Daikin Emura Split FTXJ25AW (White)4.webp"",""/Hero Images/Product category pictures/Daikin Emura Split FTXJ25AW (White) remote.webp"",""/Hero Images/Product category pictures/Daikin Emura Split FTXJ25AW (White) 3.webp""]","[""/Hero Images/Product category pictures/Daikin Emura Split FTXJ25AW (White).webp"",""/Hero Images/Product category pictures/Daikin Emura Split FTXJ25AW (White)4.webp"",""/Hero Images/Product category pictures/Daikin Emura Split FTXJ25AW (White) remote.webp"",""/Hero Images/Product category pictures/Daikin Emura Split FTXJ25AW (White) 3.webp""]","match"
"b41fe811-5a59-4ea5-8706-f94f7303098d","Daikin Multi Split Outdoor Unit (MXM-A) 3MXM68A9","Daikin","[""/Hero Images/Product category pictures/Daikin Multi Split Outdoor Unit.webp""]","[""/Hero Images/Product category pictures/Daikin Multi Split Outdoor Unit.webp""]","match"
"5184ef0a-8386-426d-b1ce-fb0b5a9e2b73","Daikin Multi Split Outdoor Unit (MXM-A) 4MXM80A9","Daikin","[""/Hero Images/Product category pictures/Daikin Multi Split Outdoor Unit.webp""]","[""/Hero Images/Product category pictures/Daikin Multi Split Outdoor Unit.webp""]","match"
"8f3ea3ea-95d4-4013-885d-b52041c3936f","Daikin Multi Split Outdoor Unit (MXM-A) 5MXM90A9","Daikin","[""/Hero Images/Product category pictures/Daikin Multi Split Outdoor Unit.webp""]","[""/Hero Images/Product category pictures/Daikin Multi Split Outdoor Unit.webp""]","match"
"0ec6e12c-d51d-41d1-b4cf-be3063e234df","Daikin Packaged Rooftop Unit - Basic Air-Cooled R410A (Scroll Non-Inverter) UATYQ250CY1 (3PH)","Daikin","[""/Hero Images/Product category pictures/Daikin Packaged Rooftop Unit - Basic Air-Cooled R410A (Scroll Non-Inverter).webp"",""/Hero Images/Product category pictures/Daikin Packaged Rooftop Unit - Basic Air-Cooled R410A (Scroll Non-Inverter)  2.webp""]","[""/Hero Images/Product category pictures/Daikin Packaged Rooftop Unit - Basic Air-Cooled R410A (Scroll Non-Inverter).webp"",""/Hero Images/Product category pictures/Daikin Packaged Rooftop Unit - Basic Air-Cooled R410A (Scroll Non-Inverter)  2.webp""]","match"
"da2834df-5d42-40b7-8fa3-c016dce48599","Daikin Packaged Rooftop Unit - Basic Air-Cooled R410A (Scroll Non-Inverter) UATYQ350CY1 (3PH)","Daikin","[""/Hero Images/Product category pictures/Daikin Packaged Rooftop Unit - Basic Air-Cooled R410A (Scroll Non-Inverter).webp"",""/Hero Images/Product category pictures/Daikin Packaged Rooftop Unit - Basic Air-Cooled R410A (Scroll Non-Inverter)  2.webp""]","[""/Hero Images/Product category pictures/Daikin Packaged Rooftop Unit - Basic Air-Cooled R410A (Scroll Non-Inverter).webp"",""/Hero Images/Product category pictures/Daikin Packaged Rooftop Unit - Basic Air-Cooled R410A (Scroll Non-Inverter)  2.webp""]","match"
"087ddaca-f598-46cf-b6e8-a940626c2f92","Daikin Packaged Rooftop Unit - Basic Air-Cooled R410A (Scroll Non-Inverter) UATYQ450CY1 (3PH)","Daikin","[""/Hero Images/Product category pictures/Daikin Packaged Rooftop Unit - Basic Air-Cooled R410A (Scroll Non-Inverter).webp"",""/Hero Images/Product category pictures/Daikin Packaged Rooftop Unit - Basic Air-Cooled R410A (Scroll Non-Inverter)  2.webp""]","[""/Hero Images/Product category pictures/Daikin Packaged Rooftop Unit - Basic Air-Cooled R410A (Scroll Non-Inverter).webp"",""/Hero Images/Product category pictures/Daikin Packaged Rooftop Unit - Basic Air-Cooled R410A (Scroll Non-Inverter)  2.webp""]","match"
"f0638f26-f93f-44cf-809d-838bab6f76e1","Daikin Packaged Rooftop Unit - Basic Air-Cooled R410A (Scroll Non-Inverter) UATYQ550CY1 (3PH)","Daikin","[""/Hero Images/Product category pictures/Daikin Packaged Rooftop Unit - Basic Air-Cooled R410A (Scroll Non-Inverter).webp"",""/Hero Images/Product category pictures/Daikin Packaged Rooftop Unit - Basic Air-Cooled R410A (Scroll Non-Inverter)  2.webp""]","[""/Hero Images/Product category pictures/Daikin Packaged Rooftop Unit - Basic Air-Cooled R410A (Scroll Non-Inverter).webp"",""/Hero Images/Product category pictures/Daikin Packaged Rooftop Unit - Basic Air-Cooled R410A (Scroll Non-Inverter)  2.webp""]","match"
"30406529-590c-455e-9e27-11b58894743e","Daikin Packaged Rooftop Unit - Basic Air-Cooled R410A (Scroll Non-Inverter) UATYQ600CY1 (3PH)","Daikin","[""/Hero Images/Product category pictures/Daikin Packaged Rooftop Unit - Basic Air-Cooled R410A (Scroll Non-Inverter).webp"",""/Hero Images/Product category pictures/Daikin Packaged Rooftop Unit - Basic Air-Cooled R410A (Scroll Non-Inverter)  2.webp""]","[""/Hero Images/Product category pictures/Daikin Packaged Rooftop Unit - Basic Air-Cooled R410A (Scroll Non-Inverter).webp"",""/Hero Images/Product category pictures/Daikin Packaged Rooftop Unit - Basic Air-Cooled R410A (Scroll Non-Inverter)  2.webp""]","match"
"b021efb0-8234-4253-86dc-6ffd4bcfdab2","Daikin Packaged Rooftop Unit - Basic Air-Cooled R410A (Scroll Non-Inverter) UATYQ700CY1 (3PH)","Daikin","[""/Hero Images/Product category pictures/Daikin Packaged Rooftop Unit - Basic Air-Cooled R410A (Scroll Non-Inverter).webp"",""/Hero Images/Product category pictures/Daikin Packaged Rooftop Unit - Basic Air-Cooled R410A (Scroll Non-Inverter)  2.webp""]","[""/Hero Images/Product category pictures/Daikin Packaged Rooftop Unit - Basic Air-Cooled R410A (Scroll Non-Inverter).webp"",""/Hero Images/Product category pictures/Daikin Packaged Rooftop Unit - Basic Air-Cooled R410A (Scroll Non-Inverter)  2.webp""]","match"
"91bc19c9-d367-407f-ab74-40da4faef1a6","Daikin Packaged Rooftop Unit - Basic Air-Cooled R410A (Scroll Non-Inverter) UATYQ900CY1 (3PH)","Daikin","[""/Hero Images/Product category pictures/Daikin Packaged Rooftop Unit - Basic Air-Cooled R410A (Scroll Non-Inverter).webp"",""/Hero Images/Product category pictures/Daikin Packaged Rooftop Unit - Basic Air-Cooled R410A (Scroll Non-Inverter)  2.webp""]","[""/Hero Images/Product category pictures/Daikin Packaged Rooftop Unit - Basic Air-Cooled R410A (Scroll Non-Inverter).webp"",""/Hero Images/Product category pictures/Daikin Packaged Rooftop Unit - Basic Air-Cooled R410A (Scroll Non-Inverter)  2.webp""]","match"
"24557104-dc45-46ad-877b-9b57c2612cae","Daikin Perfera Split FTXM25A","Daikin","[""/Hero Images/Product category pictures/Daikin Perfera Split  1.webp"",""/Hero Images/Product category pictures/Daikin Perfera Split.webp"",""/Hero Images/Product category pictures/Daikin Perfera Split  2.webp"",""/Hero Images/Product category pictures/Daikin Perfera Split  family.webp""]","[""/Hero Images/Product category pictures/Daikin Perfera Split  1.webp"",""/Hero Images/Product category pictures/Daikin Perfera Split.webp"",""/Hero Images/Product category pictures/Daikin Perfera Split  2.webp"",""/Hero Images/Product category pictures/Daikin Perfera Split  family.webp""]","match"
"400a1aac-a841-466c-8a35-0e02a16b03f3","Daikin Perfera Split FTXM35A","Daikin","[""/Hero Images/Product category pictures/Daikin Perfera Split  1.webp"",""/Hero Images/Product category pictures/Daikin Perfera Split.webp"",""/Hero Images/Product category pictures/Daikin Perfera Split  family.webp"",""/Hero Images/Product category pictures/Daikin Perfera Split  2.webp""]","[""/Hero Images/Product category pictures/Daikin Perfera Split  1.webp"",""/Hero Images/Product category pictures/Daikin Perfera Split.webp"",""/Hero Images/Product category pictures/Daikin Perfera Split  family.webp"",""/Hero Images/Product category pictures/Daikin Perfera Split  2.webp""]","match"
"305cecff-f33d-42d6-b1ad-d3986c86e970","Daikin Perfera Split FTXM50A","Daikin","[""/Hero Images/Product category pictures/Daikin Perfera Split  1.webp"",""/Hero Images/Product category pictures/Daikin Perfera Split.webp"",""/Hero Images/Product category pictures/Daikin Perfera Split  family.webp"",""/Hero Images/Product category pictures/Daikin Perfera Split  2.webp""]","[""/Hero Images/Product category pictures/Daikin Perfera Split  1.webp"",""/Hero Images/Product category pictures/Daikin Perfera Split.webp"",""/Hero Images/Product category pictures/Daikin Perfera Split  family.webp"",""/Hero Images/Product category pictures/Daikin Perfera Split  2.webp""]","match"
"97a2ec84-7dd9-4d17-917b-1d1206089bad","Daikin Perfera Split FTXM60A","Daikin","[""/Hero Images/Product category pictures/Daikin Perfera Split  1.webp"",""/Hero Images/Product category pictures/Daikin Perfera Split.webp"",""/Hero Images/Product category pictures/Daikin Perfera Split  family.webp"",""/Hero Images/Product category pictures/Daikin Perfera Split  2.webp""]","[""/Hero Images/Product category pictures/Daikin Perfera Split  1.webp"",""/Hero Images/Product category pictures/Daikin Perfera Split.webp"",""/Hero Images/Product category pictures/Daikin Perfera Split  family.webp"",""/Hero Images/Product category pictures/Daikin Perfera Split  2.webp""]","match"
"ef7bfc8a-1c7b-4a03-ab19-ae971f6b4b56","Daikin Perfera Split FTXM71A","Daikin","[""/Hero Images/Product category pictures/Daikin Perfera Split  1.webp"",""/Hero Images/Product category pictures/Daikin Perfera Split.webp"",""/Hero Images/Product category pictures/Daikin Perfera Split  family.webp"",""/Hero Images/Product category pictures/Daikin Perfera Split  2.webp""]","[""/Hero Images/Product category pictures/Daikin Perfera Split  1.webp"",""/Hero Images/Product category pictures/Daikin Perfera Split.webp"",""/Hero Images/Product category pictures/Daikin Perfera Split  family.webp"",""/Hero Images/Product category pictures/Daikin Perfera Split  2.webp""]","match"
"0905b220-74d6-4e61-8624-09e30019c855","Daikin R32 Rooftop - 2 Dampers & Integrated Fresh Air Solution (30% Fresh Air) UATYA100BFC2Y1","Daikin","[""/Hero Images/Product category pictures/Daikin R32 Rooftop - 2 Dampers & Integrated Fresh Air Solution.webp"",""/Hero Images/Product category pictures/Daikin R32 Rooftop - 2 Dampers & Integrated Fresh Air Solution 2.webp"",""/Hero Images/Product category pictures/Daikin R32 Rooftop - 2 Dampers & Integrated Fresh Air Solution 4.webp""]","[""/Hero Images/Product category pictures/Daikin R32 Rooftop - 2 Dampers & Integrated Fresh Air Solution.webp"",""/Hero Images/Product category pictures/Daikin R32 Rooftop - 2 Dampers & Integrated Fresh Air Solution 2.webp"",""/Hero Images/Product category pictures/Daikin R32 Rooftop - 2 Dampers & Integrated Fresh Air Solution 4.webp""]","match"
"99b18229-39ea-4646-a7ab-8f3a533cc32f","Daikin R32 Rooftop - 2 Dampers & Integrated Fresh Air Solution (30% Fresh Air) UATYA110BFC2Y1","Daikin","[""/Hero Images/Product category pictures/Daikin R32 Rooftop - 2 Dampers & Integrated Fresh Air Solution.webp"",""/Hero Images/Product category pictures/Daikin R32 Rooftop - 2 Dampers & Integrated Fresh Air Solution 2.webp"",""/Hero Images/Product category pictures/Daikin R32 Rooftop - 2 Dampers & Integrated Fresh Air Solution 4.webp""]","[""/Hero Images/Product category pictures/Daikin R32 Rooftop - 2 Dampers & Integrated Fresh Air Solution.webp"",""/Hero Images/Product category pictures/Daikin R32 Rooftop - 2 Dampers & Integrated Fresh Air Solution 2.webp"",""/Hero Images/Product category pictures/Daikin R32 Rooftop - 2 Dampers & Integrated Fresh Air Solution 4.webp""]","match"
"1f90ec1e-9b1a-407e-9cab-c93d2b66d873","Daikin R32 Rooftop - 2 Dampers & Integrated Fresh Air Solution (30% Fresh Air) UATYA120BFC2Y1","Daikin","[""/Hero Images/Product category pictures/Daikin R32 Rooftop - 2 Dampers & Integrated Fresh Air Solution.webp"",""/Hero Images/Product category pictures/Daikin R32 Rooftop - 2 Dampers & Integrated Fresh Air Solution 2.webp"",""/Hero Images/Product category pictures/Daikin R32 Rooftop - 2 Dampers & Integrated Fresh Air Solution 4.webp""]","[""/Hero Images/Product category pictures/Daikin R32 Rooftop - 2 Dampers & Integrated Fresh Air Solution.webp"",""/Hero Images/Product category pictures/Daikin R32 Rooftop - 2 Dampers & Integrated Fresh Air Solution 2.webp"",""/Hero Images/Product category pictures/Daikin R32 Rooftop - 2 Dampers & Integrated Fresh Air Solution 4.webp""]","match"
"c306a312-66c4-4922-acbe-22029f47a611","Daikin R32 Rooftop - 2 Dampers & Integrated Fresh Air Solution (30% Fresh Air) UATYA140BFC2Y1","Daikin","[""/Hero Images/Product category pictures/Daikin R32 Rooftop - 2 Dampers & Integrated Fresh Air Solution.webp"",""/Hero Images/Product category pictures/Daikin R32 Rooftop - 2 Dampers & Integrated Fresh Air Solution 2.webp"",""/Hero Images/Product category pictures/Daikin R32 Rooftop - 2 Dampers & Integrated Fresh Air Solution 4.webp""]","[""/Hero Images/Product category pictures/Daikin R32 Rooftop - 2 Dampers & Integrated Fresh Air Solution.webp"",""/Hero Images/Product category pictures/Daikin R32 Rooftop - 2 Dampers & Integrated Fresh Air Solution 2.webp"",""/Hero Images/Product category pictures/Daikin R32 Rooftop - 2 Dampers & Integrated Fresh Air Solution 4.webp""]","match"
"83623f21-7f80-44da-8199-e1cc977f4dd8","Daikin R32 Rooftop - 2 Dampers & Integrated Fresh Air Solution (30% Fresh Air) UATYA150BFC2Y1","Daikin","[""/Hero Images/Product category pictures/Daikin R32 Rooftop - 2 Dampers & Integrated Fresh Air Solution.webp"",""/Hero Images/Product category pictures/Daikin R32 Rooftop - 2 Dampers & Integrated Fresh Air Solution 2.webp"",""/Hero Images/Product category pictures/Daikin R32 Rooftop - 2 Dampers & Integrated Fresh Air Solution 4.webp""]","[""/Hero Images/Product category pictures/Daikin R32 Rooftop - 2 Dampers & Integrated Fresh Air Solution.webp"",""/Hero Images/Product category pictures/Daikin R32 Rooftop - 2 Dampers & Integrated Fresh Air Solution 2.webp"",""/Hero Images/Product category pictures/Daikin R32 Rooftop - 2 Dampers & Integrated Fresh Air Solution 4.webp""]","match"
"393a1725-14f0-44d1-b5fd-c8dd34b4c032","Daikin R32 Rooftop - 2 Dampers & Integrated Fresh Air Solution (30% Fresh Air) UATYA160BFC2Y1","Daikin","[""/Hero Images/Product category pictures/Daikin R32 Rooftop - 2 Dampers & Integrated Fresh Air Solution.webp"",""/Hero Images/Product category pictures/Daikin R32 Rooftop - 2 Dampers & Integrated Fresh Air Solution 2.webp"",""/Hero Images/Product category pictures/Daikin R32 Rooftop - 2 Dampers & Integrated Fresh Air Solution 4.webp""]","[""/Hero Images/Product category pictures/Daikin R32 Rooftop - 2 Dampers & Integrated Fresh Air Solution.webp"",""/Hero Images/Product category pictures/Daikin R32 Rooftop - 2 Dampers & Integrated Fresh Air Solution 2.webp"",""/Hero Images/Product category pictures/Daikin R32 Rooftop - 2 Dampers & Integrated Fresh Air Solution 4.webp""]","match"
"6b2a0469-36d0-4676-acd5-ff3f10e6a236","Daikin R32 Rooftop - 2 Dampers & Integrated Fresh Air Solution (30% Fresh Air) UATYA180BFC2Y1","Daikin","[""/Hero Images/Product category pictures/Daikin R32 Rooftop - 2 Dampers & Integrated Fresh Air Solution.webp"",""/Hero Images/Product category pictures/Daikin R32 Rooftop - 2 Dampers & Integrated Fresh Air Solution 2.webp"",""/Hero Images/Product category pictures/Daikin R32 Rooftop - 2 Dampers & Integrated Fresh Air Solution 4.webp""]","[""/Hero Images/Product category pictures/Daikin R32 Rooftop - 2 Dampers & Integrated Fresh Air Solution.webp"",""/Hero Images/Product category pictures/Daikin R32 Rooftop - 2 Dampers & Integrated Fresh Air Solution 2.webp"",""/Hero Images/Product category pictures/Daikin R32 Rooftop - 2 Dampers & Integrated Fresh Air Solution 4.webp""]","match"
"fbbd6e44-8251-4584-a817-ad92d1f6a694","Daikin R32 Rooftop - 2 Dampers & Integrated Fresh Air Solution (30% Fresh Air) UATYA190BFC2Y1","Daikin","[""/Hero Images/Product category pictures/Daikin R32 Rooftop - 2 Dampers & Integrated Fresh Air Solution.webp"",""/Hero Images/Product category pictures/Daikin R32 Rooftop - 2 Dampers & Integrated Fresh Air Solution 2.webp"",""/Hero Images/Product category pictures/Daikin R32 Rooftop - 2 Dampers & Integrated Fresh Air Solution 4.webp""]","[""/Hero Images/Product category pictures/Daikin R32 Rooftop - 2 Dampers & Integrated Fresh Air Solution.webp"",""/Hero Images/Product category pictures/Daikin R32 Rooftop - 2 Dampers & Integrated Fresh Air Solution 2.webp"",""/Hero Images/Product category pictures/Daikin R32 Rooftop - 2 Dampers & Integrated Fresh Air Solution 4.webp""]","match"
"b229c0c7-11de-43b9-8678-94eac2cc320a","Daikin R32 Rooftop - 2 Dampers & Integrated Fresh Air Solution (30% Fresh Air) UATYA25BFC2Y1","Daikin","[""/Hero Images/Product category pictures/Daikin R32 Rooftop - 2 Dampers & Integrated Fresh Air Solution.webp"",""/Hero Images/Product category pictures/Daikin R32 Rooftop - 2 Dampers & Integrated Fresh Air Solution 2.webp"",""/Hero Images/Product category pictures/Daikin R32 Rooftop - 2 Dampers & Integrated Fresh Air Solution 4.webp""]","[""/Hero Images/Product category pictures/Daikin R32 Rooftop - 2 Dampers & Integrated Fresh Air Solution.webp"",""/Hero Images/Product category pictures/Daikin R32 Rooftop - 2 Dampers & Integrated Fresh Air Solution 2.webp"",""/Hero Images/Product category pictures/Daikin R32 Rooftop - 2 Dampers & Integrated Fresh Air Solution 4.webp""]","match"
"a62513b7-6d72-4813-8057-05c6d40b2469","Daikin R32 Rooftop - 2 Dampers & Integrated Fresh Air Solution (30% Fresh Air) UATYA30BFC2Y1","Daikin","[""/Hero Images/Product category pictures/Daikin R32 Rooftop - 2 Dampers & Integrated Fresh Air Solution.webp"",""/Hero Images/Product category pictures/Daikin R32 Rooftop - 2 Dampers & Integrated Fresh Air Solution 2.webp"",""/Hero Images/Product category pictures/Daikin R32 Rooftop - 2 Dampers & Integrated Fresh Air Solution 4.webp""]","[""/Hero Images/Product category pictures/Daikin R32 Rooftop - 2 Dampers & Integrated Fresh Air Solution.webp"",""/Hero Images/Product category pictures/Daikin R32 Rooftop - 2 Dampers & Integrated Fresh Air Solution 2.webp"",""/Hero Images/Product category pictures/Daikin R32 Rooftop - 2 Dampers & Integrated Fresh Air Solution 4.webp""]","match"
"63502a93-2893-405b-93e5-445d7053fbcc","Daikin R32 Rooftop - 2 Dampers & Integrated Fresh Air Solution (30% Fresh Air) UATYA40BFC2Y1","Daikin","[""/Hero Images/Product category pictures/Daikin R32 Rooftop - 2 Dampers & Integrated Fresh Air Solution.webp"",""/Hero Images/Product category pictures/Daikin R32 Rooftop - 2 Dampers & Integrated Fresh Air Solution 2.webp"",""/Hero Images/Product category pictures/Daikin R32 Rooftop - 2 Dampers & Integrated Fresh Air Solution 4.webp""]","[""/Hero Images/Product category pictures/Daikin R32 Rooftop - 2 Dampers & Integrated Fresh Air Solution.webp"",""/Hero Images/Product category pictures/Daikin R32 Rooftop - 2 Dampers & Integrated Fresh Air Solution 2.webp"",""/Hero Images/Product category pictures/Daikin R32 Rooftop - 2 Dampers & Integrated Fresh Air Solution 4.webp""]","match"
"c51a262e-32f1-4e59-a18f-3294332ffc21","Daikin R32 Rooftop - 2 Dampers & Integrated Fresh Air Solution (30% Fresh Air) UATYA50BFC2Y1","Daikin","[""/Hero Images/Product category pictures/Daikin R32 Rooftop - 2 Dampers & Integrated Fresh Air Solution.webp"",""/Hero Images/Product category pictures/Daikin R32 Rooftop - 2 Dampers & Integrated Fresh Air Solution 2.webp"",""/Hero Images/Product category pictures/Daikin R32 Rooftop - 2 Dampers & Integrated Fresh Air Solution 4.webp""]","[""/Hero Images/Product category pictures/Daikin R32 Rooftop - 2 Dampers & Integrated Fresh Air Solution.webp"",""/Hero Images/Product category pictures/Daikin R32 Rooftop - 2 Dampers & Integrated Fresh Air Solution 2.webp"",""/Hero Images/Product category pictures/Daikin R32 Rooftop - 2 Dampers & Integrated Fresh Air Solution 4.webp""]","match"
"9bf970ec-d3fa-457e-be44-f1e14fd7b799","Daikin R32 Rooftop - 2 Dampers & Integrated Fresh Air Solution (30% Fresh Air) UATYA60BFC2Y1","Daikin","[""/Hero Images/Product category pictures/Daikin R32 Rooftop - 2 Dampers & Integrated Fresh Air Solution.webp"",""/Hero Images/Product category pictures/Daikin R32 Rooftop - 2 Dampers & Integrated Fresh Air Solution 2.webp"",""/Hero Images/Product category pictures/Daikin R32 Rooftop - 2 Dampers & Integrated Fresh Air Solution 4.webp""]","[""/Hero Images/Product category pictures/Daikin R32 Rooftop - 2 Dampers & Integrated Fresh Air Solution.webp"",""/Hero Images/Product category pictures/Daikin R32 Rooftop - 2 Dampers & Integrated Fresh Air Solution 2.webp"",""/Hero Images/Product category pictures/Daikin R32 Rooftop - 2 Dampers & Integrated Fresh Air Solution 4.webp""]","match"
"28ad6ec5-0551-4780-96d5-01056d585492","Daikin R32 Rooftop - 2 Dampers & Integrated Fresh Air Solution (30% Fresh Air) UATYA70BFC2Y1","Daikin","[""/Hero Images/Product category pictures/Daikin R32 Rooftop - 2 Dampers & Integrated Fresh Air Solution.webp"",""/Hero Images/Product category pictures/Daikin R32 Rooftop - 2 Dampers & Integrated Fresh Air Solution 2.webp"",""/Hero Images/Product category pictures/Daikin R32 Rooftop - 2 Dampers & Integrated Fresh Air Solution 4.webp""]","[""/Hero Images/Product category pictures/Daikin R32 Rooftop - 2 Dampers & Integrated Fresh Air Solution.webp"",""/Hero Images/Product category pictures/Daikin R32 Rooftop - 2 Dampers & Integrated Fresh Air Solution 2.webp"",""/Hero Images/Product category pictures/Daikin R32 Rooftop - 2 Dampers & Integrated Fresh Air Solution 4.webp""]","match"
"3a81e162-824e-42a2-bb9a-124557be9e71","Daikin R32 Rooftop - 2 Dampers & Integrated Fresh Air Solution (30% Fresh Air) UATYA80BFC2Y1","Daikin","[""/Hero Images/Product category pictures/Daikin R32 Rooftop - 2 Dampers & Integrated Fresh Air Solution.webp"",""/Hero Images/Product category pictures/Daikin R32 Rooftop - 2 Dampers & Integrated Fresh Air Solution 2.webp"",""/Hero Images/Product category pictures/Daikin R32 Rooftop - 2 Dampers & Integrated Fresh Air Solution 4.webp""]","[""/Hero Images/Product category pictures/Daikin R32 Rooftop - 2 Dampers & Integrated Fresh Air Solution.webp"",""/Hero Images/Product category pictures/Daikin R32 Rooftop - 2 Dampers & Integrated Fresh Air Solution 2.webp"",""/Hero Images/Product category pictures/Daikin R32 Rooftop - 2 Dampers & Integrated Fresh Air Solution 4.webp""]","match"
"11981a48-acc7-44cf-9c5f-f77d2bde6b57","Daikin R32 Rooftop - 2 Dampers & Integrated Fresh Air Solution (30% Fresh Air) UATYA90BFC2Y1","Daikin","[""/Hero Images/Product category pictures/Daikin R32 Rooftop - 2 Dampers & Integrated Fresh Air Solution.webp"",""/Hero Images/Product category pictures/Daikin R32 Rooftop - 2 Dampers & Integrated Fresh Air Solution 2.webp"",""/Hero Images/Product category pictures/Daikin R32 Rooftop - 2 Dampers & Integrated Fresh Air Solution 4.webp""]","[""/Hero Images/Product category pictures/Daikin R32 Rooftop - 2 Dampers & Integrated Fresh Air Solution.webp"",""/Hero Images/Product category pictures/Daikin R32 Rooftop - 2 Dampers & Integrated Fresh Air Solution 2.webp"",""/Hero Images/Product category pictures/Daikin R32 Rooftop - 2 Dampers & Integrated Fresh Air Solution 4.webp""]","match"
"6850dfd5-0119-479d-9cc4-ff77c7fc1904","Daikin R32 Rooftop - Base Version (No Fresh Air Integration) UATYA100BBAY1","Daikin","[""/Hero Images/Product category pictures/Daikin R32 Rooftop - Base Version (No Fresh Air Integration) 1.webp"",""/Hero Images/Product category pictures/Daikin R32 Rooftop - Base Version (No Fresh Air Integration) 2.webp"",""/Hero Images/Product category pictures/Daikin R32 Rooftop - Base Version (No Fresh Air Integration) 3.webp""]","[""/Hero Images/Product category pictures/Daikin R32 Rooftop - Base Version (No Fresh Air Integration) 1.webp"",""/Hero Images/Product category pictures/Daikin R32 Rooftop - Base Version (No Fresh Air Integration) 2.webp"",""/Hero Images/Product category pictures/Daikin R32 Rooftop - Base Version (No Fresh Air Integration) 3.webp""]","match"
"606ce863-8ed4-4868-ab17-e757d26595db","Daikin R32 Rooftop - Base Version (No Fresh Air Integration) UATYA110BBAY1","Daikin","[""/Hero Images/Product category pictures/Daikin R32 Rooftop - Base Version (No Fresh Air Integration) 1.webp"",""/Hero Images/Product category pictures/Daikin R32 Rooftop - Base Version (No Fresh Air Integration) 2.webp"",""/Hero Images/Product category pictures/Daikin R32 Rooftop - Base Version (No Fresh Air Integration) 3.webp""]","[""/Hero Images/Product category pictures/Daikin R32 Rooftop - Base Version (No Fresh Air Integration) 1.webp"",""/Hero Images/Product category pictures/Daikin R32 Rooftop - Base Version (No Fresh Air Integration) 2.webp"",""/Hero Images/Product category pictures/Daikin R32 Rooftop - Base Version (No Fresh Air Integration) 3.webp""]","match"
"d34b4ce5-3ae2-4108-815b-cdf7ff5150bc","Daikin R32 Rooftop - Base Version (No Fresh Air Integration) UATYA120BBAY1","Daikin","[""/Hero Images/Product category pictures/Daikin R32 Rooftop - Base Version (No Fresh Air Integration) 1.webp"",""/Hero Images/Product category pictures/Daikin R32 Rooftop - Base Version (No Fresh Air Integration) 2.webp"",""/Hero Images/Product category pictures/Daikin R32 Rooftop - Base Version (No Fresh Air Integration) 3.webp""]","[""/Hero Images/Product category pictures/Daikin R32 Rooftop - Base Version (No Fresh Air Integration) 1.webp"",""/Hero Images/Product category pictures/Daikin R32 Rooftop - Base Version (No Fresh Air Integration) 2.webp"",""/Hero Images/Product category pictures/Daikin R32 Rooftop - Base Version (No Fresh Air Integration) 3.webp""]","match"
"5f50bb2f-ceb3-4e30-8887-7793679de65a","Daikin R32 Rooftop - Base Version (No Fresh Air Integration) UATYA140BBAY1","Daikin","[""/Hero Images/Product category pictures/Daikin R32 Rooftop - Base Version (No Fresh Air Integration) 1.webp"",""/Hero Images/Product category pictures/Daikin R32 Rooftop - Base Version (No Fresh Air Integration) 2.webp"",""/Hero Images/Product category pictures/Daikin R32 Rooftop - Base Version (No Fresh Air Integration) 3.webp""]","[""/Hero Images/Product category pictures/Daikin R32 Rooftop - Base Version (No Fresh Air Integration) 1.webp"",""/Hero Images/Product category pictures/Daikin R32 Rooftop - Base Version (No Fresh Air Integration) 2.webp"",""/Hero Images/Product category pictures/Daikin R32 Rooftop - Base Version (No Fresh Air Integration) 3.webp""]","match"
"9d3d6a08-001d-47f3-b1be-0cf9289d1908","Daikin R32 Rooftop - Base Version (No Fresh Air Integration) UATYA150BBAY1","Daikin","[""/Hero Images/Product category pictures/Daikin R32 Rooftop - Base Version (No Fresh Air Integration) 1.webp"",""/Hero Images/Product category pictures/Daikin R32 Rooftop - Base Version (No Fresh Air Integration) 2.webp"",""/Hero Images/Product category pictures/Daikin R32 Rooftop - Base Version (No Fresh Air Integration) 3.webp""]","[""/Hero Images/Product category pictures/Daikin R32 Rooftop - Base Version (No Fresh Air Integration) 1.webp"",""/Hero Images/Product category pictures/Daikin R32 Rooftop - Base Version (No Fresh Air Integration) 2.webp"",""/Hero Images/Product category pictures/Daikin R32 Rooftop - Base Version (No Fresh Air Integration) 3.webp""]","match"
"4a14fab3-8f56-4121-9d9b-bf91f67c273f","Daikin R32 Rooftop - Base Version (No Fresh Air Integration) UATYA160BBAY1","Daikin","[""/Hero Images/Product category pictures/Daikin R32 Rooftop - Base Version (No Fresh Air Integration) 1.webp"",""/Hero Images/Product category pictures/Daikin R32 Rooftop - Base Version (No Fresh Air Integration) 2.webp"",""/Hero Images/Product category pictures/Daikin R32 Rooftop - Base Version (No Fresh Air Integration) 3.webp""]","[""/Hero Images/Product category pictures/Daikin R32 Rooftop - Base Version (No Fresh Air Integration) 1.webp"",""/Hero Images/Product category pictures/Daikin R32 Rooftop - Base Version (No Fresh Air Integration) 2.webp"",""/Hero Images/Product category pictures/Daikin R32 Rooftop - Base Version (No Fresh Air Integration) 3.webp""]","match"
"2041b7ea-7d21-4b1c-8acc-b5a642b12b58","Daikin R32 Rooftop - Base Version (No Fresh Air Integration) UATYA180BBAY1","Daikin","[""/Hero Images/Product category pictures/Daikin R32 Rooftop - Base Version (No Fresh Air Integration) 1.webp"",""/Hero Images/Product category pictures/Daikin R32 Rooftop - Base Version (No Fresh Air Integration) 2.webp"",""/Hero Images/Product category pictures/Daikin R32 Rooftop - Base Version (No Fresh Air Integration) 3.webp""]","[""/Hero Images/Product category pictures/Daikin R32 Rooftop - Base Version (No Fresh Air Integration) 1.webp"",""/Hero Images/Product category pictures/Daikin R32 Rooftop - Base Version (No Fresh Air Integration) 2.webp"",""/Hero Images/Product category pictures/Daikin R32 Rooftop - Base Version (No Fresh Air Integration) 3.webp""]","match"
"0078edc0-7b3c-46d8-b726-8a74e1ba8d99","Daikin R32 Rooftop - Base Version (No Fresh Air Integration) UATYA190BBAY1","Daikin","[""/Hero Images/Product category pictures/Daikin R32 Rooftop - Base Version (No Fresh Air Integration) 1.webp"",""/Hero Images/Product category pictures/Daikin R32 Rooftop - Base Version (No Fresh Air Integration) 2.webp"",""/Hero Images/Product category pictures/Daikin R32 Rooftop - Base Version (No Fresh Air Integration) 3.webp""]","[""/Hero Images/Product category pictures/Daikin R32 Rooftop - Base Version (No Fresh Air Integration) 1.webp"",""/Hero Images/Product category pictures/Daikin R32 Rooftop - Base Version (No Fresh Air Integration) 2.webp"",""/Hero Images/Product category pictures/Daikin R32 Rooftop - Base Version (No Fresh Air Integration) 3.webp""]","match"
"f31a1f62-29b6-42f7-be77-0f6951437835","Daikin R32 Rooftop - Base Version (No Fresh Air Integration) UATYA25BBAY1","Daikin","[""/Hero Images/Product category pictures/Daikin R32 Rooftop - Base Version (No Fresh Air Integration) 1.webp"",""/Hero Images/Product category pictures/Daikin R32 Rooftop - Base Version (No Fresh Air Integration) 2.webp"",""/Hero Images/Product category pictures/Daikin R32 Rooftop - Base Version (No Fresh Air Integration) 3.webp""]","[""/Hero Images/Product category pictures/Daikin R32 Rooftop - Base Version (No Fresh Air Integration) 1.webp"",""/Hero Images/Product category pictures/Daikin R32 Rooftop - Base Version (No Fresh Air Integration) 2.webp"",""/Hero Images/Product category pictures/Daikin R32 Rooftop - Base Version (No Fresh Air Integration) 3.webp""]","match"
"3995bb0c-b30b-488f-93ee-afcb4d055b71","Daikin R32 Rooftop - Base Version (No Fresh Air Integration) UATYA30BBAY1","Daikin","[""/Hero Images/Product category pictures/Daikin R32 Rooftop - Base Version (No Fresh Air Integration) 1.webp"",""/Hero Images/Product category pictures/Daikin R32 Rooftop - Base Version (No Fresh Air Integration) 2.webp"",""/Hero Images/Product category pictures/Daikin R32 Rooftop - Base Version (No Fresh Air Integration) 3.webp""]","[""/Hero Images/Product category pictures/Daikin R32 Rooftop - Base Version (No Fresh Air Integration) 1.webp"",""/Hero Images/Product category pictures/Daikin R32 Rooftop - Base Version (No Fresh Air Integration) 2.webp"",""/Hero Images/Product category pictures/Daikin R32 Rooftop - Base Version (No Fresh Air Integration) 3.webp""]","match"
"79fb0aa9-a8c7-49a4-b10e-85de858f01bb","Daikin R32 Rooftop - Base Version (No Fresh Air Integration) UATYA40BBAY1","Daikin","[""/Hero Images/Product category pictures/Daikin R32 Rooftop - Base Version (No Fresh Air Integration) 1.webp"",""/Hero Images/Product category pictures/Daikin R32 Rooftop - Base Version (No Fresh Air Integration) 2.webp"",""/Hero Images/Product category pictures/Daikin R32 Rooftop - Base Version (No Fresh Air Integration) 3.webp""]","[""/Hero Images/Product category pictures/Daikin R32 Rooftop - Base Version (No Fresh Air Integration) 1.webp"",""/Hero Images/Product category pictures/Daikin R32 Rooftop - Base Version (No Fresh Air Integration) 2.webp"",""/Hero Images/Product category pictures/Daikin R32 Rooftop - Base Version (No Fresh Air Integration) 3.webp""]","match"
"e0a5273c-6879-4b9c-9bd5-3f93ef15e44b","Daikin R32 Rooftop - Base Version (No Fresh Air Integration) UATYA50BBAY1","Daikin","[""/Hero Images/Product category pictures/Daikin R32 Rooftop - Base Version (No Fresh Air Integration) 1.webp"",""/Hero Images/Product category pictures/Daikin R32 Rooftop - Base Version (No Fresh Air Integration) 2.webp"",""/Hero Images/Product category pictures/Daikin R32 Rooftop - Base Version (No Fresh Air Integration) 3.webp""]","[""/Hero Images/Product category pictures/Daikin R32 Rooftop - Base Version (No Fresh Air Integration) 1.webp"",""/Hero Images/Product category pictures/Daikin R32 Rooftop - Base Version (No Fresh Air Integration) 2.webp"",""/Hero Images/Product category pictures/Daikin R32 Rooftop - Base Version (No Fresh Air Integration) 3.webp""]","match"
"fd22736e-58bd-474d-a39c-755c7e7b5ab9","Daikin R32 Rooftop - Base Version (No Fresh Air Integration) UATYA60BBAY1","Daikin","[""/Hero Images/Product category pictures/Daikin R32 Rooftop - Base Version (No Fresh Air Integration) 1.webp"",""/Hero Images/Product category pictures/Daikin R32 Rooftop - Base Version (No Fresh Air Integration) 2.webp"",""/Hero Images/Product category pictures/Daikin R32 Rooftop - Base Version (No Fresh Air Integration) 3.webp""]","[""/Hero Images/Product category pictures/Daikin R32 Rooftop - Base Version (No Fresh Air Integration) 1.webp"",""/Hero Images/Product category pictures/Daikin R32 Rooftop - Base Version (No Fresh Air Integration) 2.webp"",""/Hero Images/Product category pictures/Daikin R32 Rooftop - Base Version (No Fresh Air Integration) 3.webp""]","match"
"a2a2c15d-1935-41ab-b4c0-79858bde3fa4","Daikin R32 Rooftop - Base Version (No Fresh Air Integration) UATYA70BBAY1","Daikin","[""/Hero Images/Product category pictures/Daikin R32 Rooftop - Base Version (No Fresh Air Integration) 1.webp"",""/Hero Images/Product category pictures/Daikin R32 Rooftop - Base Version (No Fresh Air Integration) 2.webp"",""/Hero Images/Product category pictures/Daikin R32 Rooftop - Base Version (No Fresh Air Integration) 3.webp""]","[""/Hero Images/Product category pictures/Daikin R32 Rooftop - Base Version (No Fresh Air Integration) 1.webp"",""/Hero Images/Product category pictures/Daikin R32 Rooftop - Base Version (No Fresh Air Integration) 2.webp"",""/Hero Images/Product category pictures/Daikin R32 Rooftop - Base Version (No Fresh Air Integration) 3.webp""]","match"
"50b13e49-b963-40b5-ae3f-0acb077b27c4","Daikin R32 Rooftop - Base Version (No Fresh Air Integration) UATYA80BBAY1","Daikin","[""/Hero Images/Product category pictures/Daikin R32 Rooftop - Base Version (No Fresh Air Integration) 1.webp"",""/Hero Images/Product category pictures/Daikin R32 Rooftop - Base Version (No Fresh Air Integration) 2.webp"",""/Hero Images/Product category pictures/Daikin R32 Rooftop - Base Version (No Fresh Air Integration) 3.webp""]","[""/Hero Images/Product category pictures/Daikin R32 Rooftop - Base Version (No Fresh Air Integration) 1.webp"",""/Hero Images/Product category pictures/Daikin R32 Rooftop - Base Version (No Fresh Air Integration) 2.webp"",""/Hero Images/Product category pictures/Daikin R32 Rooftop - Base Version (No Fresh Air Integration) 3.webp""]","match"
"951964b5-de90-4450-8d51-d8a6c0859c54","Daikin R32 Rooftop - Base Version (No Fresh Air Integration) UATYA90BBAY1","Daikin","[""/Hero Images/Product category pictures/Daikin R32 Rooftop - Base Version (No Fresh Air Integration) 1.webp"",""/Hero Images/Product category pictures/Daikin R32 Rooftop - Base Version (No Fresh Air Integration) 2.webp"",""/Hero Images/Product category pictures/Daikin R32 Rooftop - Base Version (No Fresh Air Integration) 3.webp""]","[""/Hero Images/Product category pictures/Daikin R32 Rooftop - Base Version (No Fresh Air Integration) 1.webp"",""/Hero Images/Product category pictures/Daikin R32 Rooftop - Base Version (No Fresh Air Integration) 2.webp"",""/Hero Images/Product category pictures/Daikin R32 Rooftop - Base Version (No Fresh Air Integration) 3.webp""]","match"
"c991e572-a3b2-4dc0-a36a-99444ad1311c","Daikin Sensira Split FTXF25E","Daikin","[""/Hero Images/Product category pictures/Daikin Sensira Split 1.webp"",""/Hero Images/Product category pictures/Daikin Sensira Split 2.webp"",""/Hero Images/Product category pictures/Daikin Sensira Split 3.webp""]","[""/Hero Images/Product category pictures/Daikin Sensira Split 1.webp"",""/Hero Images/Product category pictures/Daikin Sensira Split 2.webp"",""/Hero Images/Product category pictures/Daikin Sensira Split 3.webp""]","match"
"d7279c1b-d7b0-4f95-b856-f47722772775","Daikin Sensira Split FTXF35E","Daikin","[""/Hero Images/Product category pictures/Daikin Sensira Split 1.webp"",""/Hero Images/Product category pictures/Daikin Sensira Split 2.webp"",""/Hero Images/Product category pictures/Daikin Sensira Split 3.webp""]","[""/Hero Images/Product category pictures/Daikin Sensira Split 1.webp"",""/Hero Images/Product category pictures/Daikin Sensira Split 2.webp"",""/Hero Images/Product category pictures/Daikin Sensira Split 3.webp""]","match"
"397aa571-92c9-4210-a92d-3da31878d81b","Daikin Sensira Split FTXF50D","Daikin","[""/Hero Images/Product category pictures/Daikin Sensira Split 1.webp"",""/Hero Images/Product category pictures/Daikin Sensira Split 2.webp"",""/Hero Images/Product category pictures/Daikin Sensira Split 3.webp""]","[""/Hero Images/Product category pictures/Daikin Sensira Split 1.webp"",""/Hero Images/Product category pictures/Daikin Sensira Split 2.webp"",""/Hero Images/Product category pictures/Daikin Sensira Split 3.webp""]","match"
"3ce9afa8-bd95-45a2-99e8-8c529d043864","Daikin Sensira Split FTXF60D","Daikin","[""/Hero Images/Product category pictures/Daikin Sensira Split 1.webp"",""/Hero Images/Product category pictures/Daikin Sensira Split 2.webp"",""/Hero Images/Product category pictures/Daikin Sensira Split 3.webp""]","[""/Hero Images/Product category pictures/Daikin Sensira Split 1.webp"",""/Hero Images/Product category pictures/Daikin Sensira Split 2.webp"",""/Hero Images/Product category pictures/Daikin Sensira Split 3.webp""]","match"
"b4d3d843-3853-4695-8e19-d681677d01e7","Daikin Sky Air Cassette Inverter (950x950) FCAG100B","Daikin","[""/Hero Images/Product category pictures/Daikin Sky Air Cassette Inverter.webp"",""/Hero Images/Product category pictures/Daikin Sky Air Cassette Inverter black.webp"",""/Hero Images/Product category pictures/Daikin Sky Air Cassette Inverter 2.webp"",""/Hero Images/Product category pictures/Daikin Sky Air Cassette Inverter 3.webp"",""/Hero Images/Product category pictures/Daikin Sky Air Cassette Inverter 6.webp""]","[""/Hero Images/Product category pictures/Daikin Sky Air Cassette Inverter.webp"",""/Hero Images/Product category pictures/Daikin Sky Air Cassette Inverter black.webp"",""/Hero Images/Product category pictures/Daikin Sky Air Cassette Inverter 2.webp"",""/Hero Images/Product category pictures/Daikin Sky Air Cassette Inverter 3.webp"",""/Hero Images/Product category pictures/Daikin Sky Air Cassette Inverter 6.webp""]","match"
"bf5ccdb4-665c-4121-ab99-2b593cfff11b","Daikin Sky Air Cassette Inverter (950x950) FCAG100B","Daikin","[""/Hero Images/Product category pictures/Daikin Sky Air Cassette Inverter.webp"",""/Hero Images/Product category pictures/Daikin Sky Air Cassette Inverter black.webp"",""/Hero Images/Product category pictures/Daikin Sky Air Cassette Inverter 2.webp"",""/Hero Images/Product category pictures/Daikin Sky Air Cassette Inverter 3.webp"",""/Hero Images/Product category pictures/Daikin Sky Air Cassette Inverter 6.webp""]","[""/Hero Images/Product category pictures/Daikin Sky Air Cassette Inverter.webp"",""/Hero Images/Product category pictures/Daikin Sky Air Cassette Inverter black.webp"",""/Hero Images/Product category pictures/Daikin Sky Air Cassette Inverter 2.webp"",""/Hero Images/Product category pictures/Daikin Sky Air Cassette Inverter 3.webp"",""/Hero Images/Product category pictures/Daikin Sky Air Cassette Inverter 6.webp""]","match"
"5ab5980d-6f80-4555-bfee-b4497083e810","Daikin Sky Air Cassette Inverter (950x950) FCAG100B","Daikin","[""/Hero Images/Product category pictures/Daikin Sky Air Cassette Inverter.webp"",""/Hero Images/Product category pictures/Daikin Sky Air Cassette Inverter black.webp"",""/Hero Images/Product category pictures/Daikin Sky Air Cassette Inverter 2.webp"",""/Hero Images/Product category pictures/Daikin Sky Air Cassette Inverter 3.webp"",""/Hero Images/Product category pictures/Daikin Sky Air Cassette Inverter 6.webp""]","[""/Hero Images/Product category pictures/Daikin Sky Air Cassette Inverter.webp"",""/Hero Images/Product category pictures/Daikin Sky Air Cassette Inverter black.webp"",""/Hero Images/Product category pictures/Daikin Sky Air Cassette Inverter 2.webp"",""/Hero Images/Product category pictures/Daikin Sky Air Cassette Inverter 3.webp"",""/Hero Images/Product category pictures/Daikin Sky Air Cassette Inverter 6.webp""]","match"
"245285c0-ae60-41c6-aed0-ab4c37262c45","Daikin Sky Air Cassette Inverter (950x950) FCAG100B","Daikin","[""/Hero Images/Product category pictures/Daikin Sky Air Cassette Inverter.webp"",""/Hero Images/Product category pictures/Daikin Sky Air Cassette Inverter black.webp"",""/Hero Images/Product category pictures/Daikin Sky Air Cassette Inverter 2.webp"",""/Hero Images/Product category pictures/Daikin Sky Air Cassette Inverter 3.webp"",""/Hero Images/Product category pictures/Daikin Sky Air Cassette Inverter 6.webp""]","[""/Hero Images/Product category pictures/Daikin Sky Air Cassette Inverter.webp"",""/Hero Images/Product category pictures/Daikin Sky Air Cassette Inverter black.webp"",""/Hero Images/Product category pictures/Daikin Sky Air Cassette Inverter 2.webp"",""/Hero Images/Product category pictures/Daikin Sky Air Cassette Inverter 3.webp"",""/Hero Images/Product category pictures/Daikin Sky Air Cassette Inverter 6.webp""]","match"
"5994742a-13b5-4c69-bd52-53dd1d1fd097","Daikin Sky Air Cassette Inverter (950x950) FCAG125B","Daikin","[""/Hero Images/Product category pictures/Daikin Sky Air Cassette Inverter.webp"",""/Hero Images/Product category pictures/Daikin Sky Air Cassette Inverter black.webp"",""/Hero Images/Product category pictures/Daikin Sky Air Cassette Inverter 2.webp"",""/Hero Images/Product category pictures/Daikin Sky Air Cassette Inverter 3.webp"",""/Hero Images/Product category pictures/Daikin Sky Air Cassette Inverter 6.webp""]","[""/Hero Images/Product category pictures/Daikin Sky Air Cassette Inverter.webp"",""/Hero Images/Product category pictures/Daikin Sky Air Cassette Inverter black.webp"",""/Hero Images/Product category pictures/Daikin Sky Air Cassette Inverter 2.webp"",""/Hero Images/Product category pictures/Daikin Sky Air Cassette Inverter 3.webp"",""/Hero Images/Product category pictures/Daikin Sky Air Cassette Inverter 6.webp""]","match"
"e697108d-7d1d-47ed-9846-0681a52ee640","Daikin Sky Air Cassette Inverter (950x950) FCAG125B","Daikin","[""/Hero Images/Product category pictures/Daikin Sky Air Cassette Inverter.webp"",""/Hero Images/Product category pictures/Daikin Sky Air Cassette Inverter black.webp"",""/Hero Images/Product category pictures/Daikin Sky Air Cassette Inverter 2.webp"",""/Hero Images/Product category pictures/Daikin Sky Air Cassette Inverter 3.webp"",""/Hero Images/Product category pictures/Daikin Sky Air Cassette Inverter 6.webp""]","[""/Hero Images/Product category pictures/Daikin Sky Air Cassette Inverter.webp"",""/Hero Images/Product category pictures/Daikin Sky Air Cassette Inverter black.webp"",""/Hero Images/Product category pictures/Daikin Sky Air Cassette Inverter 2.webp"",""/Hero Images/Product category pictures/Daikin Sky Air Cassette Inverter 3.webp"",""/Hero Images/Product category pictures/Daikin Sky Air Cassette Inverter 6.webp""]","match"
"2abb99f0-0570-441f-b393-00faff61925e","Daikin Sky Air Cassette Inverter (950x950) FCAG125B","Daikin","[""/Hero Images/Product category pictures/Daikin Sky Air Cassette Inverter.webp"",""/Hero Images/Product category pictures/Daikin Sky Air Cassette Inverter black.webp"",""/Hero Images/Product category pictures/Daikin Sky Air Cassette Inverter 2.webp"",""/Hero Images/Product category pictures/Daikin Sky Air Cassette Inverter 3.webp"",""/Hero Images/Product category pictures/Daikin Sky Air Cassette Inverter 6.webp""]","[""/Hero Images/Product category pictures/Daikin Sky Air Cassette Inverter.webp"",""/Hero Images/Product category pictures/Daikin Sky Air Cassette Inverter black.webp"",""/Hero Images/Product category pictures/Daikin Sky Air Cassette Inverter 2.webp"",""/Hero Images/Product category pictures/Daikin Sky Air Cassette Inverter 3.webp"",""/Hero Images/Product category pictures/Daikin Sky Air Cassette Inverter 6.webp""]","match"
"fce09656-fe14-4fb9-a8ca-696c98b66396","Daikin Sky Air Cassette Inverter (950x950) FCAG125B","Daikin","[""/Hero Images/Product category pictures/Daikin Sky Air Cassette Inverter.webp"",""/Hero Images/Product category pictures/Daikin Sky Air Cassette Inverter black.webp"",""/Hero Images/Product category pictures/Daikin Sky Air Cassette Inverter 2.webp"",""/Hero Images/Product category pictures/Daikin Sky Air Cassette Inverter 3.webp"",""/Hero Images/Product category pictures/Daikin Sky Air Cassette Inverter 6.webp""]","[""/Hero Images/Product category pictures/Daikin Sky Air Cassette Inverter.webp"",""/Hero Images/Product category pictures/Daikin Sky Air Cassette Inverter black.webp"",""/Hero Images/Product category pictures/Daikin Sky Air Cassette Inverter 2.webp"",""/Hero Images/Product category pictures/Daikin Sky Air Cassette Inverter 3.webp"",""/Hero Images/Product category pictures/Daikin Sky Air Cassette Inverter 6.webp""]","match"
"b957c932-5dd9-443d-ae8e-c470efda1c0f","Daikin Sky Air Cassette Inverter (950x950) FCAG140B","Daikin","[""/Hero Images/Product category pictures/Daikin Sky Air Cassette Inverter.webp"",""/Hero Images/Product category pictures/Daikin Sky Air Cassette Inverter black.webp"",""/Hero Images/Product category pictures/Daikin Sky Air Cassette Inverter 2.webp"",""/Hero Images/Product category pictures/Daikin Sky Air Cassette Inverter 3.webp"",""/Hero Images/Product category pictures/Daikin Sky Air Cassette Inverter 6.webp""]","[""/Hero Images/Product category pictures/Daikin Sky Air Cassette Inverter.webp"",""/Hero Images/Product category pictures/Daikin Sky Air Cassette Inverter black.webp"",""/Hero Images/Product category pictures/Daikin Sky Air Cassette Inverter 2.webp"",""/Hero Images/Product category pictures/Daikin Sky Air Cassette Inverter 3.webp"",""/Hero Images/Product category pictures/Daikin Sky Air Cassette Inverter 6.webp""]","match"
"0b172e65-29e8-47be-a7c5-a071ebdae7bc","Daikin Sky Air Cassette Inverter (950x950) FCAG140B","Daikin","[""/Hero Images/Product category pictures/Daikin Sky Air Cassette Inverter.webp"",""/Hero Images/Product category pictures/Daikin Sky Air Cassette Inverter black.webp"",""/Hero Images/Product category pictures/Daikin Sky Air Cassette Inverter 2.webp"",""/Hero Images/Product category pictures/Daikin Sky Air Cassette Inverter 3.webp"",""/Hero Images/Product category pictures/Daikin Sky Air Cassette Inverter 6.webp""]","[""/Hero Images/Product category pictures/Daikin Sky Air Cassette Inverter.webp"",""/Hero Images/Product category pictures/Daikin Sky Air Cassette Inverter black.webp"",""/Hero Images/Product category pictures/Daikin Sky Air Cassette Inverter 2.webp"",""/Hero Images/Product category pictures/Daikin Sky Air Cassette Inverter 3.webp"",""/Hero Images/Product category pictures/Daikin Sky Air Cassette Inverter 6.webp""]","match"
"f8e2d4c8-991a-4aa7-be30-4698286d5175","Daikin Sky Air Cassette Inverter (950x950) FCAG140B","Daikin","[""/Hero Images/Product category pictures/Daikin Sky Air Cassette Inverter.webp"",""/Hero Images/Product category pictures/Daikin Sky Air Cassette Inverter black.webp"",""/Hero Images/Product category pictures/Daikin Sky Air Cassette Inverter 2.webp"",""/Hero Images/Product category pictures/Daikin Sky Air Cassette Inverter 3.webp"",""/Hero Images/Product category pictures/Daikin Sky Air Cassette Inverter 6.webp""]","[""/Hero Images/Product category pictures/Daikin Sky Air Cassette Inverter.webp"",""/Hero Images/Product category pictures/Daikin Sky Air Cassette Inverter black.webp"",""/Hero Images/Product category pictures/Daikin Sky Air Cassette Inverter 2.webp"",""/Hero Images/Product category pictures/Daikin Sky Air Cassette Inverter 3.webp"",""/Hero Images/Product category pictures/Daikin Sky Air Cassette Inverter 6.webp""]","match"
"b15af4e3-f869-44cf-96f9-440ec6e2b577","Daikin Sky Air Cassette Inverter (950x950) FCAG140B","Daikin","[""/Hero Images/Product category pictures/Daikin Sky Air Cassette Inverter.webp"",""/Hero Images/Product category pictures/Daikin Sky Air Cassette Inverter black.webp"",""/Hero Images/Product category pictures/Daikin Sky Air Cassette Inverter 2.webp"",""/Hero Images/Product category pictures/Daikin Sky Air Cassette Inverter 3.webp"",""/Hero Images/Product category pictures/Daikin Sky Air Cassette Inverter 6.webp""]","[""/Hero Images/Product category pictures/Daikin Sky Air Cassette Inverter.webp"",""/Hero Images/Product category pictures/Daikin Sky Air Cassette Inverter black.webp"",""/Hero Images/Product category pictures/Daikin Sky Air Cassette Inverter 2.webp"",""/Hero Images/Product category pictures/Daikin Sky Air Cassette Inverter 3.webp"",""/Hero Images/Product category pictures/Daikin Sky Air Cassette Inverter 6.webp""]","match"
"3a465cd0-411b-4067-8d89-36a0352ffec0","Daikin Sky Air Cassette Inverter (950x950) FCAG35B","Daikin","[""/Hero Images/Product category pictures/Daikin Sky Air Cassette Inverter.webp"",""/Hero Images/Product category pictures/Daikin Sky Air Cassette Inverter black.webp"",""/Hero Images/Product category pictures/Daikin Sky Air Cassette Inverter 2.webp"",""/Hero Images/Product category pictures/Daikin Sky Air Cassette Inverter 3.webp"",""/Hero Images/Product category pictures/Daikin Sky Air Cassette Inverter 6.webp""]","[""/Hero Images/Product category pictures/Daikin Sky Air Cassette Inverter.webp"",""/Hero Images/Product category pictures/Daikin Sky Air Cassette Inverter black.webp"",""/Hero Images/Product category pictures/Daikin Sky Air Cassette Inverter 2.webp"",""/Hero Images/Product category pictures/Daikin Sky Air Cassette Inverter 3.webp"",""/Hero Images/Product category pictures/Daikin Sky Air Cassette Inverter 6.webp""]","match"
"987e1dc1-8b15-4650-8fbc-6fb8aab10a63","Daikin Sky Air Cassette Inverter (950x950) FCAG50B","Daikin","[""/Hero Images/Product category pictures/Daikin Sky Air Cassette Inverter.webp"",""/Hero Images/Product category pictures/Daikin Sky Air Cassette Inverter black.webp"",""/Hero Images/Product category pictures/Daikin Sky Air Cassette Inverter 2.webp"",""/Hero Images/Product category pictures/Daikin Sky Air Cassette Inverter 3.webp"",""/Hero Images/Product category pictures/Daikin Sky Air Cassette Inverter 6.webp""]","[""/Hero Images/Product category pictures/Daikin Sky Air Cassette Inverter.webp"",""/Hero Images/Product category pictures/Daikin Sky Air Cassette Inverter black.webp"",""/Hero Images/Product category pictures/Daikin Sky Air Cassette Inverter 2.webp"",""/Hero Images/Product category pictures/Daikin Sky Air Cassette Inverter 3.webp"",""/Hero Images/Product category pictures/Daikin Sky Air Cassette Inverter 6.webp""]","match"
"e6657a75-98d2-4e24-b7c8-f481c5a01d8a","Daikin Sky Air Cassette Inverter (950x950) FCAG60B","Daikin","[""/Hero Images/Product category pictures/Daikin Sky Air Cassette Inverter.webp"",""/Hero Images/Product category pictures/Daikin Sky Air Cassette Inverter black.webp"",""/Hero Images/Product category pictures/Daikin Sky Air Cassette Inverter 2.webp"",""/Hero Images/Product category pictures/Daikin Sky Air Cassette Inverter 3.webp"",""/Hero Images/Product category pictures/Daikin Sky Air Cassette Inverter 6.webp""]","[""/Hero Images/Product category pictures/Daikin Sky Air Cassette Inverter.webp"",""/Hero Images/Product category pictures/Daikin Sky Air Cassette Inverter black.webp"",""/Hero Images/Product category pictures/Daikin Sky Air Cassette Inverter 2.webp"",""/Hero Images/Product category pictures/Daikin Sky Air Cassette Inverter 3.webp"",""/Hero Images/Product category pictures/Daikin Sky Air Cassette Inverter 6.webp""]","match"
"0b01dac4-ed93-42a0-8a3f-b529397dc010","Daikin Sky Air Cassette Inverter (950x950) FCAG71B","Daikin","[""/Hero Images/Product category pictures/Daikin Sky Air Cassette Inverter.webp"",""/Hero Images/Product category pictures/Daikin Sky Air Cassette Inverter black.webp"",""/Hero Images/Product category pictures/Daikin Sky Air Cassette Inverter 2.webp"",""/Hero Images/Product category pictures/Daikin Sky Air Cassette Inverter 3.webp"",""/Hero Images/Product category pictures/Daikin Sky Air Cassette Inverter 6.webp""]","[""/Hero Images/Product category pictures/Daikin Sky Air Cassette Inverter.webp"",""/Hero Images/Product category pictures/Daikin Sky Air Cassette Inverter black.webp"",""/Hero Images/Product category pictures/Daikin Sky Air Cassette Inverter 2.webp"",""/Hero Images/Product category pictures/Daikin Sky Air Cassette Inverter 3.webp"",""/Hero Images/Product category pictures/Daikin Sky Air Cassette Inverter 6.webp""]","match"
"5c72e049-60a5-4d7b-8092-0b9f97972675","Daikin Sky Air Cassette Inverter (950x950) FCAG71B","Daikin","[""/Hero Images/Product category pictures/Daikin Sky Air Cassette Inverter.webp"",""/Hero Images/Product category pictures/Daikin Sky Air Cassette Inverter black.webp"",""/Hero Images/Product category pictures/Daikin Sky Air Cassette Inverter 2.webp"",""/Hero Images/Product category pictures/Daikin Sky Air Cassette Inverter 3.webp"",""/Hero Images/Product category pictures/Daikin Sky Air Cassette Inverter 6.webp""]","[""/Hero Images/Product category pictures/Daikin Sky Air Cassette Inverter.webp"",""/Hero Images/Product category pictures/Daikin Sky Air Cassette Inverter black.webp"",""/Hero Images/Product category pictures/Daikin Sky Air Cassette Inverter 2.webp"",""/Hero Images/Product category pictures/Daikin Sky Air Cassette Inverter 3.webp"",""/Hero Images/Product category pictures/Daikin Sky Air Cassette Inverter 6.webp""]","match"
"ae3e699c-94c0-4fe4-9e69-a3a4fef82aa6","Daikin Sky Air Ceiling Concealed Inverter (FDA-A/RZA-D, High Static Pressure) FDA125A (x2)","Daikin","[""/Hero Images/Product category pictures/Daikin Sky Air Ceiling Concealed Inverter 1.webp"",""/Hero Images/Product category pictures/Daikin Sky Air Ceiling Concealed Inverter (FDA-A_RZA-D, High Static Pressure)  1.webp"",""/Hero Images/Product category pictures/Daikin Sky Air Ceiling Concealed Inverter (FDA-A_RZA-D, High Static Pressure)  2.webp""]","[""/Hero Images/Product category pictures/Daikin Sky Air Ceiling Concealed Inverter 1.webp"",""/Hero Images/Product category pictures/Daikin Sky Air Ceiling Concealed Inverter (FDA-A_RZA-D, High Static Pressure)  1.webp"",""/Hero Images/Product category pictures/Daikin Sky Air Ceiling Concealed Inverter (FDA-A_RZA-D, High Static Pressure)  2.webp""]","match"
"fe8b758c-6530-44b8-8b1b-0560f48b2b48","Daikin Sky Air Ceiling Concealed Inverter (FDA-A/RZA-D, High Static Pressure) FDA200A","Daikin","[""/Hero Images/Product category pictures/Daikin Sky Air Ceiling Concealed Inverter 1.webp"",""/Hero Images/Product category pictures/Daikin Sky Air Ceiling Concealed Inverter (FDA-A_RZA-D, High Static Pressure)  1.webp"",""/Hero Images/Product category pictures/Daikin Sky Air Ceiling Concealed Inverter (FDA-A_RZA-D, High Static Pressure)  2.webp""]","[""/Hero Images/Product category pictures/Daikin Sky Air Ceiling Concealed Inverter 1.webp"",""/Hero Images/Product category pictures/Daikin Sky Air Ceiling Concealed Inverter (FDA-A_RZA-D, High Static Pressure)  1.webp"",""/Hero Images/Product category pictures/Daikin Sky Air Ceiling Concealed Inverter (FDA-A_RZA-D, High Static Pressure)  2.webp""]","match"
"f755305c-a07b-4737-9583-d143835188da","Daikin Sky Air Ceiling Concealed Inverter (FDA-A/RZA-D, High Static Pressure) FDA250A","Daikin","[""/Hero Images/Product category pictures/Daikin Sky Air Ceiling Concealed Inverter 1.webp"",""/Hero Images/Product category pictures/Daikin Sky Air Ceiling Concealed Inverter (FDA-A_RZA-D, High Static Pressure)  1.webp"",""/Hero Images/Product category pictures/Daikin Sky Air Ceiling Concealed Inverter (FDA-A_RZA-D, High Static Pressure)  2.webp""]","[""/Hero Images/Product category pictures/Daikin Sky Air Ceiling Concealed Inverter 1.webp"",""/Hero Images/Product category pictures/Daikin Sky Air Ceiling Concealed Inverter (FDA-A_RZA-D, High Static Pressure)  1.webp"",""/Hero Images/Product category pictures/Daikin Sky Air Ceiling Concealed Inverter (FDA-A_RZA-D, High Static Pressure)  2.webp""]","match"
"c9e1f032-31a0-46b3-b7e4-02789e296e10","Daikin Sky Air Ceiling Concealed Inverter FBA100A","Daikin","[""/Hero Images/Product category pictures/Daikin Sky Air Ceiling Concealed Inverter 1.webp"",""/Hero Images/Product category pictures/Daikin Sky Air Ceiling Concealed Inverter (FDA-A_RZA-D, High Static Pressure)  1.webp"",""/Hero Images/Product category pictures/Daikin Sky Air Ceiling Concealed Inverter (FDA-A_RZA-D, High Static Pressure)  2.webp""]","[""/Hero Images/Product category pictures/Daikin Sky Air Ceiling Concealed Inverter 1.webp"",""/Hero Images/Product category pictures/Daikin Sky Air Ceiling Concealed Inverter (FDA-A_RZA-D, High Static Pressure)  1.webp"",""/Hero Images/Product category pictures/Daikin Sky Air Ceiling Concealed Inverter (FDA-A_RZA-D, High Static Pressure)  2.webp""]","match"
"22cc37bf-a3b9-4e32-a344-5606c633dbe6","Daikin Sky Air Ceiling Concealed Inverter FBA100A","Daikin","[""/Hero Images/Product category pictures/Daikin Sky Air Ceiling Concealed Inverter 1.webp"",""/Hero Images/Product category pictures/Daikin Sky Air Ceiling Concealed Inverter (FDA-A_RZA-D, High Static Pressure)  1.webp"",""/Hero Images/Product category pictures/Daikin Sky Air Ceiling Concealed Inverter (FDA-A_RZA-D, High Static Pressure)  2.webp""]","[""/Hero Images/Product category pictures/Daikin Sky Air Ceiling Concealed Inverter 1.webp"",""/Hero Images/Product category pictures/Daikin Sky Air Ceiling Concealed Inverter (FDA-A_RZA-D, High Static Pressure)  1.webp"",""/Hero Images/Product category pictures/Daikin Sky Air Ceiling Concealed Inverter (FDA-A_RZA-D, High Static Pressure)  2.webp""]","match"
"d5fcf568-abcf-4b26-96c4-98e164ae4bae","Daikin Sky Air Ceiling Concealed Inverter FBA100A","Daikin","[""/Hero Images/Product category pictures/Daikin Sky Air Ceiling Concealed Inverter 1.webp"",""/Hero Images/Product category pictures/Daikin Sky Air Ceiling Concealed Inverter (FDA-A_RZA-D, High Static Pressure)  1.webp"",""/Hero Images/Product category pictures/Daikin Sky Air Ceiling Concealed Inverter (FDA-A_RZA-D, High Static Pressure)  2.webp""]","[""/Hero Images/Product category pictures/Daikin Sky Air Ceiling Concealed Inverter 1.webp"",""/Hero Images/Product category pictures/Daikin Sky Air Ceiling Concealed Inverter (FDA-A_RZA-D, High Static Pressure)  1.webp"",""/Hero Images/Product category pictures/Daikin Sky Air Ceiling Concealed Inverter (FDA-A_RZA-D, High Static Pressure)  2.webp""]","match"
"a5dd599e-2674-4620-9a7a-88801b869bc9","Daikin Sky Air Ceiling Concealed Inverter FBA100A","Daikin","[""/Hero Images/Product category pictures/Daikin Sky Air Ceiling Concealed Inverter 1.webp"",""/Hero Images/Product category pictures/Daikin Sky Air Ceiling Concealed Inverter (FDA-A_RZA-D, High Static Pressure)  1.webp"",""/Hero Images/Product category pictures/Daikin Sky Air Ceiling Concealed Inverter (FDA-A_RZA-D, High Static Pressure)  2.webp""]","[""/Hero Images/Product category pictures/Daikin Sky Air Ceiling Concealed Inverter 1.webp"",""/Hero Images/Product category pictures/Daikin Sky Air Ceiling Concealed Inverter (FDA-A_RZA-D, High Static Pressure)  1.webp"",""/Hero Images/Product category pictures/Daikin Sky Air Ceiling Concealed Inverter (FDA-A_RZA-D, High Static Pressure)  2.webp""]","match"
"99aa600e-9bff-41c1-9547-fc937303c89a","Daikin Sky Air Ceiling Concealed Inverter FBA125A","Daikin","[""/Hero Images/Product category pictures/Daikin Sky Air Ceiling Concealed Inverter 1.webp"",""/Hero Images/Product category pictures/Daikin Sky Air Ceiling Concealed Inverter (FDA-A_RZA-D, High Static Pressure)  1.webp"",""/Hero Images/Product category pictures/Daikin Sky Air Ceiling Concealed Inverter (FDA-A_RZA-D, High Static Pressure)  2.webp""]","[""/Hero Images/Product category pictures/Daikin Sky Air Ceiling Concealed Inverter 1.webp"",""/Hero Images/Product category pictures/Daikin Sky Air Ceiling Concealed Inverter (FDA-A_RZA-D, High Static Pressure)  1.webp"",""/Hero Images/Product category pictures/Daikin Sky Air Ceiling Concealed Inverter (FDA-A_RZA-D, High Static Pressure)  2.webp""]","match"
"05e2f618-37d3-464a-a967-84b30e19080b","Daikin Sky Air Ceiling Concealed Inverter FBA125A","Daikin","[""/Hero Images/Product category pictures/Daikin Sky Air Ceiling Concealed Inverter 1.webp"",""/Hero Images/Product category pictures/Daikin Sky Air Ceiling Concealed Inverter (FDA-A_RZA-D, High Static Pressure)  1.webp"",""/Hero Images/Product category pictures/Daikin Sky Air Ceiling Concealed Inverter (FDA-A_RZA-D, High Static Pressure)  2.webp""]","[""/Hero Images/Product category pictures/Daikin Sky Air Ceiling Concealed Inverter 1.webp"",""/Hero Images/Product category pictures/Daikin Sky Air Ceiling Concealed Inverter (FDA-A_RZA-D, High Static Pressure)  1.webp"",""/Hero Images/Product category pictures/Daikin Sky Air Ceiling Concealed Inverter (FDA-A_RZA-D, High Static Pressure)  2.webp""]","match"
"0bf9bafd-25f4-486c-acc3-192cb750e2a8","Daikin Sky Air Ceiling Concealed Inverter FBA125A","Daikin","[""/Hero Images/Product category pictures/Daikin Sky Air Ceiling Concealed Inverter 1.webp"",""/Hero Images/Product category pictures/Daikin Sky Air Ceiling Concealed Inverter (FDA-A_RZA-D, High Static Pressure)  1.webp"",""/Hero Images/Product category pictures/Daikin Sky Air Ceiling Concealed Inverter (FDA-A_RZA-D, High Static Pressure)  2.webp""]","[""/Hero Images/Product category pictures/Daikin Sky Air Ceiling Concealed Inverter 1.webp"",""/Hero Images/Product category pictures/Daikin Sky Air Ceiling Concealed Inverter (FDA-A_RZA-D, High Static Pressure)  1.webp"",""/Hero Images/Product category pictures/Daikin Sky Air Ceiling Concealed Inverter (FDA-A_RZA-D, High Static Pressure)  2.webp""]","match"
"b1101acb-a7c9-47bc-a7b3-3716becf6eb2","Daikin Sky Air Ceiling Concealed Inverter FBA125A","Daikin","[""/Hero Images/Product category pictures/Daikin Sky Air Ceiling Concealed Inverter 1.webp"",""/Hero Images/Product category pictures/Daikin Sky Air Ceiling Concealed Inverter (FDA-A_RZA-D, High Static Pressure)  1.webp"",""/Hero Images/Product category pictures/Daikin Sky Air Ceiling Concealed Inverter (FDA-A_RZA-D, High Static Pressure)  2.webp""]","[""/Hero Images/Product category pictures/Daikin Sky Air Ceiling Concealed Inverter 1.webp"",""/Hero Images/Product category pictures/Daikin Sky Air Ceiling Concealed Inverter (FDA-A_RZA-D, High Static Pressure)  1.webp"",""/Hero Images/Product category pictures/Daikin Sky Air Ceiling Concealed Inverter (FDA-A_RZA-D, High Static Pressure)  2.webp""]","match"
"48d7ea4b-59aa-4099-a9d8-851bb642c86b","Daikin Sky Air Ceiling Concealed Inverter FBA140A","Daikin","[""/Hero Images/Product category pictures/Daikin Sky Air Ceiling Concealed Inverter 1.webp"",""/Hero Images/Product category pictures/Daikin Sky Air Ceiling Concealed Inverter (FDA-A_RZA-D, High Static Pressure)  1.webp"",""/Hero Images/Product category pictures/Daikin Sky Air Ceiling Concealed Inverter (FDA-A_RZA-D, High Static Pressure)  2.webp""]","[""/Hero Images/Product category pictures/Daikin Sky Air Ceiling Concealed Inverter 1.webp"",""/Hero Images/Product category pictures/Daikin Sky Air Ceiling Concealed Inverter (FDA-A_RZA-D, High Static Pressure)  1.webp"",""/Hero Images/Product category pictures/Daikin Sky Air Ceiling Concealed Inverter (FDA-A_RZA-D, High Static Pressure)  2.webp""]","match"
"031a5f79-f23a-431d-befc-46921344818f","Daikin Sky Air Ceiling Concealed Inverter FBA140A","Daikin","[""/Hero Images/Product category pictures/Daikin Sky Air Ceiling Concealed Inverter 1.webp"",""/Hero Images/Product category pictures/Daikin Sky Air Ceiling Concealed Inverter (FDA-A_RZA-D, High Static Pressure)  1.webp"",""/Hero Images/Product category pictures/Daikin Sky Air Ceiling Concealed Inverter (FDA-A_RZA-D, High Static Pressure)  2.webp""]","[""/Hero Images/Product category pictures/Daikin Sky Air Ceiling Concealed Inverter 1.webp"",""/Hero Images/Product category pictures/Daikin Sky Air Ceiling Concealed Inverter (FDA-A_RZA-D, High Static Pressure)  1.webp"",""/Hero Images/Product category pictures/Daikin Sky Air Ceiling Concealed Inverter (FDA-A_RZA-D, High Static Pressure)  2.webp""]","match"
"d074a5c9-4d26-4a48-8773-04e70e98889a","Daikin Sky Air Ceiling Concealed Inverter FBA140A","Daikin","[""/Hero Images/Product category pictures/Daikin Sky Air Ceiling Concealed Inverter 1.webp"",""/Hero Images/Product category pictures/Daikin Sky Air Ceiling Concealed Inverter (FDA-A_RZA-D, High Static Pressure)  1.webp"",""/Hero Images/Product category pictures/Daikin Sky Air Ceiling Concealed Inverter (FDA-A_RZA-D, High Static Pressure)  2.webp""]","[""/Hero Images/Product category pictures/Daikin Sky Air Ceiling Concealed Inverter 1.webp"",""/Hero Images/Product category pictures/Daikin Sky Air Ceiling Concealed Inverter (FDA-A_RZA-D, High Static Pressure)  1.webp"",""/Hero Images/Product category pictures/Daikin Sky Air Ceiling Concealed Inverter (FDA-A_RZA-D, High Static Pressure)  2.webp""]","match"
"adeecc3a-4c18-4c7e-82b7-cc891c9744f8","Daikin Sky Air Ceiling Concealed Inverter FBA140A","Daikin","[""/Hero Images/Product category pictures/Daikin Sky Air Ceiling Concealed Inverter 1.webp"",""/Hero Images/Product category pictures/Daikin Sky Air Ceiling Concealed Inverter (FDA-A_RZA-D, High Static Pressure)  1.webp"",""/Hero Images/Product category pictures/Daikin Sky Air Ceiling Concealed Inverter (FDA-A_RZA-D, High Static Pressure)  2.webp""]","[""/Hero Images/Product category pictures/Daikin Sky Air Ceiling Concealed Inverter 1.webp"",""/Hero Images/Product category pictures/Daikin Sky Air Ceiling Concealed Inverter (FDA-A_RZA-D, High Static Pressure)  1.webp"",""/Hero Images/Product category pictures/Daikin Sky Air Ceiling Concealed Inverter (FDA-A_RZA-D, High Static Pressure)  2.webp""]","match"
"8bf23bf1-6111-42df-8d46-179d1efd26e1","Daikin Sky Air Ceiling Concealed Inverter FBA35A9","Daikin","[""/Hero Images/Product category pictures/Daikin Sky Air Ceiling Concealed Inverter 1.webp"",""/Hero Images/Product category pictures/Daikin Sky Air Ceiling Concealed Inverter (FDA-A_RZA-D, High Static Pressure)  1.webp"",""/Hero Images/Product category pictures/Daikin Sky Air Ceiling Concealed Inverter (FDA-A_RZA-D, High Static Pressure)  2.webp""]","[""/Hero Images/Product category pictures/Daikin Sky Air Ceiling Concealed Inverter 1.webp"",""/Hero Images/Product category pictures/Daikin Sky Air Ceiling Concealed Inverter (FDA-A_RZA-D, High Static Pressure)  1.webp"",""/Hero Images/Product category pictures/Daikin Sky Air Ceiling Concealed Inverter (FDA-A_RZA-D, High Static Pressure)  2.webp""]","match"
"f098731d-f307-438b-a5df-489c7c27951e","Daikin Sky Air Ceiling Concealed Inverter FBA50A9","Daikin","[""/Hero Images/Product category pictures/Daikin Sky Air Ceiling Concealed Inverter 1.webp"",""/Hero Images/Product category pictures/Daikin Sky Air Ceiling Concealed Inverter (FDA-A_RZA-D, High Static Pressure)  1.webp"",""/Hero Images/Product category pictures/Daikin Sky Air Ceiling Concealed Inverter (FDA-A_RZA-D, High Static Pressure)  2.webp""]","[""/Hero Images/Product category pictures/Daikin Sky Air Ceiling Concealed Inverter 1.webp"",""/Hero Images/Product category pictures/Daikin Sky Air Ceiling Concealed Inverter (FDA-A_RZA-D, High Static Pressure)  1.webp"",""/Hero Images/Product category pictures/Daikin Sky Air Ceiling Concealed Inverter (FDA-A_RZA-D, High Static Pressure)  2.webp""]","match"
"4ae75188-1645-444a-bc6f-03df403c6a91","Daikin Sky Air Ceiling Concealed Inverter FBA60A9","Daikin","[""/Hero Images/Product category pictures/Daikin Sky Air Ceiling Concealed Inverter 1.webp"",""/Hero Images/Product category pictures/Daikin Sky Air Ceiling Concealed Inverter (FDA-A_RZA-D, High Static Pressure)  1.webp"",""/Hero Images/Product category pictures/Daikin Sky Air Ceiling Concealed Inverter (FDA-A_RZA-D, High Static Pressure)  2.webp""]","[""/Hero Images/Product category pictures/Daikin Sky Air Ceiling Concealed Inverter 1.webp"",""/Hero Images/Product category pictures/Daikin Sky Air Ceiling Concealed Inverter (FDA-A_RZA-D, High Static Pressure)  1.webp"",""/Hero Images/Product category pictures/Daikin Sky Air Ceiling Concealed Inverter (FDA-A_RZA-D, High Static Pressure)  2.webp""]","match"
"eec273ab-9408-4e06-844b-d27447835693","Daikin Sky Air Ceiling Concealed Inverter FBA71A9","Daikin","[""/Hero Images/Product category pictures/Daikin Sky Air Ceiling Concealed Inverter 1.webp"",""/Hero Images/Product category pictures/Daikin Sky Air Ceiling Concealed Inverter (FDA-A_RZA-D, High Static Pressure)  1.webp"",""/Hero Images/Product category pictures/Daikin Sky Air Ceiling Concealed Inverter (FDA-A_RZA-D, High Static Pressure)  2.webp""]","[""/Hero Images/Product category pictures/Daikin Sky Air Ceiling Concealed Inverter 1.webp"",""/Hero Images/Product category pictures/Daikin Sky Air Ceiling Concealed Inverter (FDA-A_RZA-D, High Static Pressure)  1.webp"",""/Hero Images/Product category pictures/Daikin Sky Air Ceiling Concealed Inverter (FDA-A_RZA-D, High Static Pressure)  2.webp""]","match"
"14725c38-a271-4c80-b002-49e449f752fc","Daikin Sky Air Ceiling Concealed Inverter FBA71A9","Daikin","[""/Hero Images/Product category pictures/Daikin Sky Air Ceiling Concealed Inverter 1.webp"",""/Hero Images/Product category pictures/Daikin Sky Air Ceiling Concealed Inverter (FDA-A_RZA-D, High Static Pressure)  1.webp"",""/Hero Images/Product category pictures/Daikin Sky Air Ceiling Concealed Inverter (FDA-A_RZA-D, High Static Pressure)  2.webp""]","[""/Hero Images/Product category pictures/Daikin Sky Air Ceiling Concealed Inverter 1.webp"",""/Hero Images/Product category pictures/Daikin Sky Air Ceiling Concealed Inverter (FDA-A_RZA-D, High Static Pressure)  1.webp"",""/Hero Images/Product category pictures/Daikin Sky Air Ceiling Concealed Inverter (FDA-A_RZA-D, High Static Pressure)  2.webp""]","match"
"9d404d10-ab55-4dea-9be0-75edf70d63da","Daikin Sky Air Ceiling Suspended Inverter FHA100A","Daikin","[""/Hero Images/Product category pictures/Daikin Sky Air Ceiling Suspended Inverter.webp"",""/Hero Images/Product category pictures/Daikin Sky Air Ceiling Suspended Inverter remote.webp"",""/Hero Images/Product category pictures/Daikin Sky Air Ceiling Suspended Inverter  3.webp""]","[""/Hero Images/Product category pictures/Daikin Sky Air Ceiling Suspended Inverter.webp"",""/Hero Images/Product category pictures/Daikin Sky Air Ceiling Suspended Inverter remote.webp"",""/Hero Images/Product category pictures/Daikin Sky Air Ceiling Suspended Inverter  3.webp""]","match"
"0af6b5c3-6203-49a3-ad20-5cafee26ce1a","Daikin Sky Air Ceiling Suspended Inverter FHA100A","Daikin","[""/Hero Images/Product category pictures/Daikin Sky Air Ceiling Suspended Inverter.webp"",""/Hero Images/Product category pictures/Daikin Sky Air Ceiling Suspended Inverter remote.webp"",""/Hero Images/Product category pictures/Daikin Sky Air Ceiling Suspended Inverter  3.webp""]","[""/Hero Images/Product category pictures/Daikin Sky Air Ceiling Suspended Inverter.webp"",""/Hero Images/Product category pictures/Daikin Sky Air Ceiling Suspended Inverter remote.webp"",""/Hero Images/Product category pictures/Daikin Sky Air Ceiling Suspended Inverter  3.webp""]","match"
"64cbccf8-c2df-46bc-bb16-b69bf56de06d","Daikin Sky Air Ceiling Suspended Inverter FHA125A","Daikin","[""/Hero Images/Product category pictures/Daikin Sky Air Ceiling Suspended Inverter.webp"",""/Hero Images/Product category pictures/Daikin Sky Air Ceiling Suspended Inverter remote.webp"",""/Hero Images/Product category pictures/Daikin Sky Air Ceiling Suspended Inverter  3.webp""]","[""/Hero Images/Product category pictures/Daikin Sky Air Ceiling Suspended Inverter.webp"",""/Hero Images/Product category pictures/Daikin Sky Air Ceiling Suspended Inverter remote.webp"",""/Hero Images/Product category pictures/Daikin Sky Air Ceiling Suspended Inverter  3.webp""]","match"
"38d555bc-4b5a-4178-b121-0f45f7cf9a72","Daikin Sky Air Ceiling Suspended Inverter FHA125A","Daikin","[""/Hero Images/Product category pictures/Daikin Sky Air Ceiling Suspended Inverter.webp"",""/Hero Images/Product category pictures/Daikin Sky Air Ceiling Suspended Inverter remote.webp"",""/Hero Images/Product category pictures/Daikin Sky Air Ceiling Suspended Inverter  3.webp""]","[""/Hero Images/Product category pictures/Daikin Sky Air Ceiling Suspended Inverter.webp"",""/Hero Images/Product category pictures/Daikin Sky Air Ceiling Suspended Inverter remote.webp"",""/Hero Images/Product category pictures/Daikin Sky Air Ceiling Suspended Inverter  3.webp""]","match"
"e8691758-1d20-4a31-b684-49ce6da5e30c","Daikin Sky Air Ceiling Suspended Inverter FHA140A","Daikin","[""/Hero Images/Product category pictures/Daikin Sky Air Ceiling Suspended Inverter.webp"",""/Hero Images/Product category pictures/Daikin Sky Air Ceiling Suspended Inverter remote.webp"",""/Hero Images/Product category pictures/Daikin Sky Air Ceiling Suspended Inverter  3.webp""]","[""/Hero Images/Product category pictures/Daikin Sky Air Ceiling Suspended Inverter.webp"",""/Hero Images/Product category pictures/Daikin Sky Air Ceiling Suspended Inverter remote.webp"",""/Hero Images/Product category pictures/Daikin Sky Air Ceiling Suspended Inverter  3.webp""]","match"
"c972a674-eca7-4669-b8df-185e7ae1d6d7","Daikin Sky Air Ceiling Suspended Inverter FHA140A","Daikin","[""/Hero Images/Product category pictures/Daikin Sky Air Ceiling Suspended Inverter.webp"",""/Hero Images/Product category pictures/Daikin Sky Air Ceiling Suspended Inverter remote.webp"",""/Hero Images/Product category pictures/Daikin Sky Air Ceiling Suspended Inverter  3.webp""]","[""/Hero Images/Product category pictures/Daikin Sky Air Ceiling Suspended Inverter.webp"",""/Hero Images/Product category pictures/Daikin Sky Air Ceiling Suspended Inverter remote.webp"",""/Hero Images/Product category pictures/Daikin Sky Air Ceiling Suspended Inverter  3.webp""]","match"
"7ce869b7-619e-4479-a37f-0ab84b6a959a","Daikin Sky Air Ceiling Suspended Inverter FHA35A9","Daikin","[""/Hero Images/Product category pictures/Daikin Sky Air Ceiling Suspended Inverter.webp"",""/Hero Images/Product category pictures/Daikin Sky Air Ceiling Suspended Inverter remote.webp"",""/Hero Images/Product category pictures/Daikin Sky Air Ceiling Suspended Inverter  3.webp""]","[""/Hero Images/Product category pictures/Daikin Sky Air Ceiling Suspended Inverter.webp"",""/Hero Images/Product category pictures/Daikin Sky Air Ceiling Suspended Inverter remote.webp"",""/Hero Images/Product category pictures/Daikin Sky Air Ceiling Suspended Inverter  3.webp""]","match"
"0e2b398a-7e65-44d0-bd1c-809d7b2b26e5","Daikin Sky Air Ceiling Suspended Inverter FHA50A9","Daikin","[""/Hero Images/Product category pictures/Daikin Sky Air Ceiling Suspended Inverter.webp"",""/Hero Images/Product category pictures/Daikin Sky Air Ceiling Suspended Inverter remote.webp"",""/Hero Images/Product category pictures/Daikin Sky Air Ceiling Suspended Inverter  3.webp""]","[""/Hero Images/Product category pictures/Daikin Sky Air Ceiling Suspended Inverter.webp"",""/Hero Images/Product category pictures/Daikin Sky Air Ceiling Suspended Inverter remote.webp"",""/Hero Images/Product category pictures/Daikin Sky Air Ceiling Suspended Inverter  3.webp""]","match"
"7fa57bcd-ec32-4018-9190-cc54e80cf4d1","Daikin Sky Air Ceiling Suspended Inverter FHA60A9","Daikin","[""/Hero Images/Product category pictures/Daikin Sky Air Ceiling Suspended Inverter.webp"",""/Hero Images/Product category pictures/Daikin Sky Air Ceiling Suspended Inverter remote.webp"",""/Hero Images/Product category pictures/Daikin Sky Air Ceiling Suspended Inverter  3.webp""]","[""/Hero Images/Product category pictures/Daikin Sky Air Ceiling Suspended Inverter.webp"",""/Hero Images/Product category pictures/Daikin Sky Air Ceiling Suspended Inverter remote.webp"",""/Hero Images/Product category pictures/Daikin Sky Air Ceiling Suspended Inverter  3.webp""]","match"
"20324e21-a55d-47e2-ae2a-a84c0012df63","Daikin Sky Air Ceiling Suspended Inverter FHA71A9","Daikin","[""/Hero Images/Product category pictures/Daikin Sky Air Ceiling Suspended Inverter.webp"",""/Hero Images/Product category pictures/Daikin Sky Air Ceiling Suspended Inverter remote.webp"",""/Hero Images/Product category pictures/Daikin Sky Air Ceiling Suspended Inverter  3.webp""]","[""/Hero Images/Product category pictures/Daikin Sky Air Ceiling Suspended Inverter.webp"",""/Hero Images/Product category pictures/Daikin Sky Air Ceiling Suspended Inverter remote.webp"",""/Hero Images/Product category pictures/Daikin Sky Air Ceiling Suspended Inverter  3.webp""]","match"
"6ba347fb-6718-4632-b4fc-6ce95f357369","Daikin Sky Air Mini Cassette Inverter FFA25A9","Daikin","[""/Hero Images/Product category pictures/Daikin Sky Air Mini Cassette Inverter  1.webp"",""/Hero Images/Product category pictures/Daikin Sky Air Mini Cassette Inverter  2.webp""]","[""/Hero Images/Product category pictures/Daikin Sky Air Mini Cassette Inverter  1.webp"",""/Hero Images/Product category pictures/Daikin Sky Air Mini Cassette Inverter  2.webp""]","match"
"798940d1-558f-42fe-bad9-108cd7944bf9","Daikin Sky Air Mini Cassette Inverter FFA35A9","Daikin","[""/Hero Images/Product category pictures/Daikin Sky Air Mini Cassette Inverter  1.webp"",""/Hero Images/Product category pictures/Daikin Sky Air Mini Cassette Inverter  2.webp""]","[""/Hero Images/Product category pictures/Daikin Sky Air Mini Cassette Inverter  1.webp"",""/Hero Images/Product category pictures/Daikin Sky Air Mini Cassette Inverter  2.webp""]","match"
"ba5942d9-8113-4c6a-b23d-f3ae5080c2c5","Daikin Sky Air Mini Cassette Inverter FFA50A9","Daikin","[""/Hero Images/Product category pictures/Daikin Sky Air Mini Cassette Inverter  1.webp"",""/Hero Images/Product category pictures/Daikin Sky Air Mini Cassette Inverter  2.webp""]","[""/Hero Images/Product category pictures/Daikin Sky Air Mini Cassette Inverter  1.webp"",""/Hero Images/Product category pictures/Daikin Sky Air Mini Cassette Inverter  2.webp""]","match"
"e99416e0-d335-41d6-a356-5071fcd6754d","Daikin Sky Air Mini Cassette Inverter FFA60A9","Daikin","[""/Hero Images/Product category pictures/Daikin Sky Air Mini Cassette Inverter  1.webp"",""/Hero Images/Product category pictures/Daikin Sky Air Mini Cassette Inverter  2.webp""]","[""/Hero Images/Product category pictures/Daikin Sky Air Mini Cassette Inverter  1.webp"",""/Hero Images/Product category pictures/Daikin Sky Air Mini Cassette Inverter  2.webp""]","match"
"b4dc5f4c-46c9-4a4b-af7b-1ea02a1bcec2","Daikin Sky Air R407C Ducted Split Non-Inverter (Limited stock) 3FGYP300EXY","Daikin","[""/Hero Images/Product category pictures/Daikin Sky Air Cassette Inverter.webp""]","[""/Hero Images/Product category pictures/Daikin Sky Air Cassette Inverter.webp""]","match"
"29799fd2-788d-41a5-a2c8-61c4180b38a4","Daikin Sky Air R407C Ducted Split Non-Inverter (Limited stock) 4FGYP400EXY","Daikin","[""/Hero Images/Product category pictures/Daikin Sky Air Cassette Inverter.webp""]","[""/Hero Images/Product category pictures/Daikin Sky Air Cassette Inverter.webp""]","match"
"c065cada-29f0-40e2-ab4a-94b919267cd9","Daikin Sky Air Wall Mounted Inverter FAA100B","Daikin","[""/Hero Images/Product category pictures/Daikin Sky Air Wall Mounted Inverter.webp"",""/Hero Images/Product category pictures/Daikin Sky Air Wall Mounted Inverter  2.webp"",""/Hero Images/Product category pictures/Daikin Sky Air Wall Mounted Inverter  4.webp"",""/Hero Images/Product category pictures/Daikin Sky Air Wall Mounted Inverter  5.webp""]","[""/Hero Images/Product category pictures/Daikin Sky Air Wall Mounted Inverter.webp"",""/Hero Images/Product category pictures/Daikin Sky Air Wall Mounted Inverter  2.webp"",""/Hero Images/Product category pictures/Daikin Sky Air Wall Mounted Inverter  4.webp"",""/Hero Images/Product category pictures/Daikin Sky Air Wall Mounted Inverter  5.webp""]","match"
"daf0fe0b-4029-49ac-b252-0aa473af2b23","Daikin Sky Air Wall Mounted Inverter FAA100B","Daikin","[""/Hero Images/Product category pictures/Daikin Sky Air Wall Mounted Inverter.webp"",""/Hero Images/Product category pictures/Daikin Sky Air Wall Mounted Inverter  2.webp"",""/Hero Images/Product category pictures/Daikin Sky Air Wall Mounted Inverter  4.webp"",""/Hero Images/Product category pictures/Daikin Sky Air Wall Mounted Inverter  5.webp""]","[""/Hero Images/Product category pictures/Daikin Sky Air Wall Mounted Inverter.webp"",""/Hero Images/Product category pictures/Daikin Sky Air Wall Mounted Inverter  2.webp"",""/Hero Images/Product category pictures/Daikin Sky Air Wall Mounted Inverter  4.webp"",""/Hero Images/Product category pictures/Daikin Sky Air Wall Mounted Inverter  5.webp""]","match"
"885837f2-a078-4156-b80f-59e04b0887e7","Daikin Sky Air Wall Mounted Inverter FAA100B","Daikin","[""/Hero Images/Product category pictures/Daikin Sky Air Wall Mounted Inverter.webp"",""/Hero Images/Product category pictures/Daikin Sky Air Wall Mounted Inverter  2.webp"",""/Hero Images/Product category pictures/Daikin Sky Air Wall Mounted Inverter  4.webp"",""/Hero Images/Product category pictures/Daikin Sky Air Wall Mounted Inverter  5.webp""]","[""/Hero Images/Product category pictures/Daikin Sky Air Wall Mounted Inverter.webp"",""/Hero Images/Product category pictures/Daikin Sky Air Wall Mounted Inverter  2.webp"",""/Hero Images/Product category pictures/Daikin Sky Air Wall Mounted Inverter  4.webp"",""/Hero Images/Product category pictures/Daikin Sky Air Wall Mounted Inverter  5.webp""]","match"
"3d8dfe7a-9192-467d-b67f-592f7e0d28d6","Daikin Sky Air Wall Mounted Inverter FAA100B","Daikin","[""/Hero Images/Product category pictures/Daikin Sky Air Wall Mounted Inverter.webp"",""/Hero Images/Product category pictures/Daikin Sky Air Wall Mounted Inverter  2.webp"",""/Hero Images/Product category pictures/Daikin Sky Air Wall Mounted Inverter  4.webp"",""/Hero Images/Product category pictures/Daikin Sky Air Wall Mounted Inverter  5.webp""]","[""/Hero Images/Product category pictures/Daikin Sky Air Wall Mounted Inverter.webp"",""/Hero Images/Product category pictures/Daikin Sky Air Wall Mounted Inverter  2.webp"",""/Hero Images/Product category pictures/Daikin Sky Air Wall Mounted Inverter  4.webp"",""/Hero Images/Product category pictures/Daikin Sky Air Wall Mounted Inverter  5.webp""]","match"
"15865a30-6111-4f7b-98c5-e9a10d3be969","Daikin Sky Air Wall Mounted Inverter FAA71B","Daikin","[""/Hero Images/Product category pictures/Daikin Sky Air Wall Mounted Inverter.webp"",""/Hero Images/Product category pictures/Daikin Sky Air Wall Mounted Inverter  2.webp"",""/Hero Images/Product category pictures/Daikin Sky Air Wall Mounted Inverter  4.webp"",""/Hero Images/Product category pictures/Daikin Sky Air Wall Mounted Inverter  5.webp""]","[""/Hero Images/Product category pictures/Daikin Sky Air Wall Mounted Inverter.webp"",""/Hero Images/Product category pictures/Daikin Sky Air Wall Mounted Inverter  2.webp"",""/Hero Images/Product category pictures/Daikin Sky Air Wall Mounted Inverter  4.webp"",""/Hero Images/Product category pictures/Daikin Sky Air Wall Mounted Inverter  5.webp""]","match"
"304a63d9-f03b-472c-9c1a-ef040190c0b0","Daikin Sky Air Wall Mounted Inverter FAA71B","Daikin","[""/Hero Images/Product category pictures/Daikin Sky Air Wall Mounted Inverter.webp"",""/Hero Images/Product category pictures/Daikin Sky Air Wall Mounted Inverter  2.webp"",""/Hero Images/Product category pictures/Daikin Sky Air Wall Mounted Inverter  4.webp"",""/Hero Images/Product category pictures/Daikin Sky Air Wall Mounted Inverter  5.webp""]","[""/Hero Images/Product category pictures/Daikin Sky Air Wall Mounted Inverter.webp"",""/Hero Images/Product category pictures/Daikin Sky Air Wall Mounted Inverter  2.webp"",""/Hero Images/Product category pictures/Daikin Sky Air Wall Mounted Inverter  4.webp"",""/Hero Images/Product category pictures/Daikin Sky Air Wall Mounted Inverter  5.webp""]","match"
"67129e5d-ffc8-4482-8d5e-7fc8645bae6a","Hisense LCAC Cassette Inverter 10,00kW","Hisense","[""/Hero Images/Product category pictures/Hisense LCAC Cassette Inverter.webp"",""/Hero Images/Product category pictures/Hisense LCAC Cassette Inverter front.webp""]","[""/Hero Images/Product category pictures/Hisense LCAC Cassette Inverter.webp"",""/Hero Images/Product category pictures/Hisense LCAC Cassette Inverter front.webp""]","match"
"697b8184-871a-4c40-b964-16139a1a49b6","Hisense LCAC Cassette Inverter 13,50kW","Hisense","[""/Hero Images/Product category pictures/Hisense LCAC Cassette Inverter.webp"",""/Hero Images/Product category pictures/Hisense LCAC Cassette Inverter front.webp""]","[""/Hero Images/Product category pictures/Hisense LCAC Cassette Inverter.webp"",""/Hero Images/Product category pictures/Hisense LCAC Cassette Inverter front.webp""]","match"
"dbf041b3-b41f-4c5c-93b6-9e3b02c91cf4","Hisense LCAC Cassette Inverter 15,50kW","Hisense","[""/Hero Images/Product category pictures/Hisense LCAC Cassette Inverter.webp"",""/Hero Images/Product category pictures/Hisense LCAC Cassette Inverter front.webp""]","[""/Hero Images/Product category pictures/Hisense LCAC Cassette Inverter.webp"",""/Hero Images/Product category pictures/Hisense LCAC Cassette Inverter front.webp""]","match"
"3cf7b74a-fd25-47a9-b2df-d686276e714c","Hisense LCAC Cassette Inverter 5,00kW","Hisense","[""/Hero Images/Product category pictures/Hisense LCAC Cassette Inverter.webp"",""/Hero Images/Product category pictures/Hisense LCAC Cassette Inverter front.webp""]","[""/Hero Images/Product category pictures/Hisense LCAC Cassette Inverter.webp"",""/Hero Images/Product category pictures/Hisense LCAC Cassette Inverter front.webp""]","match"
"9a2f9ceb-8ccd-4bcb-9cfc-a99ba6c162ed","Hisense LCAC Cassette Inverter 7,00kW","Hisense","[""/Hero Images/Product category pictures/Hisense LCAC Cassette Inverter.webp"",""/Hero Images/Product category pictures/Hisense LCAC Cassette Inverter front.webp""]","[""/Hero Images/Product category pictures/Hisense LCAC Cassette Inverter.webp"",""/Hero Images/Product category pictures/Hisense LCAC Cassette Inverter front.webp""]","match"
"01343ce6-5a97-494d-a36c-bbb6ca27feb1","Hisense LCAC Cassette Non-Inverter 11,00kW","Hisense","[""/Hero Images/Product category pictures/Hisense LCAC Cassette Non-Inverter.webp"",""/Hero Images/Product category pictures/Hisense LCAC Cassette Non-Inverter  front.webp""]","[""/Hero Images/Product category pictures/Hisense LCAC Cassette Non-Inverter.webp"",""/Hero Images/Product category pictures/Hisense LCAC Cassette Non-Inverter  front.webp""]","match"
"05ab3464-e346-4f08-afd2-1a09bd89f6a7","Hisense LCAC Cassette Non-Inverter 14,50kW","Hisense","[""/Hero Images/Product category pictures/Hisense LCAC Cassette Non-Inverter.webp"",""/Hero Images/Product category pictures/Hisense LCAC Cassette Non-Inverter  front.webp""]","[""/Hero Images/Product category pictures/Hisense LCAC Cassette Non-Inverter.webp"",""/Hero Images/Product category pictures/Hisense LCAC Cassette Non-Inverter  front.webp""]","match"
"ee438067-ca9f-4f6b-9cf0-61811a657d36","Hisense LCAC Cassette Non-Inverter 16,50kW","Hisense","[""/Hero Images/Product category pictures/Hisense LCAC Cassette Non-Inverter.webp"",""/Hero Images/Product category pictures/Hisense LCAC Cassette Non-Inverter  front.webp""]","[""/Hero Images/Product category pictures/Hisense LCAC Cassette Non-Inverter.webp"",""/Hero Images/Product category pictures/Hisense LCAC Cassette Non-Inverter  front.webp""]","match"
"43dd0c95-5104-47ce-b78e-ad4f1e35a139","Hisense LCAC Cassette Non-Inverter 3,55kW","Hisense","[""/Hero Images/Product category pictures/Hisense LCAC Cassette Non-Inverter.webp"",""/Hero Images/Product category pictures/Hisense LCAC Cassette Non-Inverter  front.webp""]","[""/Hero Images/Product category pictures/Hisense LCAC Cassette Non-Inverter.webp"",""/Hero Images/Product category pictures/Hisense LCAC Cassette Non-Inverter  front.webp""]","match"
"cd051b18-8c4d-472d-bd1e-28ba2cef7f92","Hisense LCAC Cassette Non-Inverter 5,00kW","Hisense","[""/Hero Images/Product category pictures/Hisense LCAC Cassette Non-Inverter.webp"",""/Hero Images/Product category pictures/Hisense LCAC Cassette Non-Inverter  front.webp""]","[""/Hero Images/Product category pictures/Hisense LCAC Cassette Non-Inverter.webp"",""/Hero Images/Product category pictures/Hisense LCAC Cassette Non-Inverter  front.webp""]","match"
"7b996726-e7fd-4a78-8792-99ae317d3f3a","Hisense LCAC Cassette Non-Inverter 7,30kW","Hisense","[""/Hero Images/Product category pictures/Hisense LCAC Cassette Non-Inverter.webp"",""/Hero Images/Product category pictures/Hisense LCAC Cassette Non-Inverter  front.webp""]","[""/Hero Images/Product category pictures/Hisense LCAC Cassette Non-Inverter.webp"",""/Hero Images/Product category pictures/Hisense LCAC Cassette Non-Inverter  front.webp""]","match"
"5f478a44-8a2a-4516-8aba-0e64bb415bc3","Hisense LCAC Duct Type Inverter 10,00kW","Hisense","[""/Hero Images/Product category pictures/Hisense LCAC Duct Type Inverter.webp""]","[""/Hero Images/Product category pictures/Hisense LCAC Duct Type Inverter.webp""]","match"
"97ec4bef-cd41-492a-928c-b773a866c011","Hisense LCAC Duct Type Inverter 13,50kW","Hisense","[""/Hero Images/Product category pictures/Hisense LCAC Duct Type Inverter.webp""]","[""/Hero Images/Product category pictures/Hisense LCAC Duct Type Inverter.webp""]","match"
"b9f7e0ef-db26-460d-9c4b-3b32abddafdc","Hisense LCAC Duct Type Inverter 15,50kW","Hisense","[""/Hero Images/Product category pictures/Hisense LCAC Duct Type Inverter.webp""]","[""/Hero Images/Product category pictures/Hisense LCAC Duct Type Inverter.webp""]","match"
"33ed133c-4d11-43c8-b663-efbc1aaca5ee","Hisense LCAC Duct Type Inverter 23,00kW","Hisense","[""/Hero Images/Product category pictures/Hisense LCAC Duct Type Inverter.webp""]","[""/Hero Images/Product category pictures/Hisense LCAC Duct Type Inverter.webp""]","match"
"ee7afc90-f786-4087-9963-a4be84bd4982","Hisense LCAC Duct Type Inverter 28,00kW","Hisense","[""/Hero Images/Product category pictures/Hisense LCAC Duct Type Inverter.webp""]","[""/Hero Images/Product category pictures/Hisense LCAC Duct Type Inverter.webp""]","match"
"56c06a34-3708-4cd7-a1cc-13e362d337c2","Hisense LCAC Duct Type Inverter 5,00kW","Hisense","[""/Hero Images/Product category pictures/Hisense LCAC Duct Type Inverter.webp""]","[""/Hero Images/Product category pictures/Hisense LCAC Duct Type Inverter.webp""]","match"
"3882ed44-0bd0-44d0-aee4-ce9b8cf518bd","Hisense LCAC Duct Type Inverter 7,00kW","Hisense","[""/Hero Images/Product category pictures/Hisense LCAC Duct Type Inverter.webp""]","[""/Hero Images/Product category pictures/Hisense LCAC Duct Type Inverter.webp""]","match"
"da043fe0-5867-477f-a7f7-dd4a34723db9","Hisense LCAC Duct Type Non-Inverter 10,55kW","Hisense","[""/Hero Images/Product category pictures/Hisense LCAC Duct Type Non-Inverter.webp""]","[""/Hero Images/Product category pictures/Hisense LCAC Duct Type Non-Inverter.webp""]","match"
"a576ff34-d1d5-4bfc-96c7-47d662a4f3b7","Hisense LCAC Duct Type Non-Inverter 14,00kW","Hisense","[""/Hero Images/Product category pictures/Hisense LCAC Duct Type Non-Inverter.webp""]","[""/Hero Images/Product category pictures/Hisense LCAC Duct Type Non-Inverter.webp""]","match"
"b2033c6d-ed57-4480-aaba-b7435667a31f","Hisense LCAC Duct Type Non-Inverter 16,00kW","Hisense","[""/Hero Images/Product category pictures/Hisense LCAC Duct Type Non-Inverter.webp""]","[""/Hero Images/Product category pictures/Hisense LCAC Duct Type Non-Inverter.webp""]","match"
"08537055-46e6-48e8-82fe-d7190c380802","Hisense LCAC Duct Type Non-Inverter 5,00kW","Hisense","[""/Hero Images/Product category pictures/Hisense LCAC Duct Type Non-Inverter.webp""]","[""/Hero Images/Product category pictures/Hisense LCAC Duct Type Non-Inverter.webp""]","match"
"b15520dd-1f04-4741-bb9e-d353be52c8dc","Hisense LCAC Duct Type Non-Inverter 7,05kW","Hisense","[""/Hero Images/Product category pictures/Hisense LCAC Duct Type Non-Inverter.webp""]","[""/Hero Images/Product category pictures/Hisense LCAC Duct Type Non-Inverter.webp""]","match"
"0b6cccb6-b6b4-4719-a89a-825bd8890371","Hisense LCAC Floor Ceiling Inverter 13,50kW","Hisense","[""/Hero Images/Product category pictures/Hisense LCAC Floor Ceiling Inverter.webp""]","[""/Hero Images/Product category pictures/Hisense LCAC Floor Ceiling Inverter.webp""]","match"
"b4a11f57-4b66-4854-92aa-34ae3903f530","Hisense LCAC Floor Ceiling Inverter 16,00kW","Hisense","[""/Hero Images/Product category pictures/Hisense LCAC Floor Ceiling Inverter.webp""]","[""/Hero Images/Product category pictures/Hisense LCAC Floor Ceiling Inverter.webp""]","match"
"6ecbe7b4-e80e-4ebc-b6a7-19e5f109284e","Hisense LCAC Floor Ceiling Inverter 5,20kW","Hisense","[""/Hero Images/Product category pictures/Hisense LCAC Floor Ceiling Inverter.webp""]","[""/Hero Images/Product category pictures/Hisense LCAC Floor Ceiling Inverter.webp""]","match"
"2753d764-af64-49ae-8343-2f7f31e73f90","Hisense LCAC Floor Ceiling Inverter 7,10kW","Hisense","[""/Hero Images/Product category pictures/Hisense LCAC Floor Ceiling Inverter.webp""]","[""/Hero Images/Product category pictures/Hisense LCAC Floor Ceiling Inverter.webp""]","match"
"dfbf3388-36b2-415d-831b-b8617e096d6f","Hisense LCAC Floor Ceiling Inverter 9,50kW","Hisense","[""/Hero Images/Product category pictures/Hisense LCAC Floor Ceiling Inverter.webp""]","[""/Hero Images/Product category pictures/Hisense LCAC Floor Ceiling Inverter.webp""]","match"
"933f61fb-0b96-4293-95d1-e58851202ddc","Hisense LCAC Floor Ceiling Non-Inverter 10,55kW","Hisense","[""/Hero Images/Product category pictures/Hisense LCAC Floor Ceiling Non-Inverter.webp""]","[""/Hero Images/Product category pictures/Hisense LCAC Floor Ceiling Non-Inverter.webp""]","match"
"d03d1960-2e8f-4450-825c-ee0bec17cd8f","Hisense LCAC Floor Ceiling Non-Inverter 14,00kW","Hisense","[""/Hero Images/Product category pictures/Hisense LCAC Floor Ceiling Non-Inverter.webp""]","[""/Hero Images/Product category pictures/Hisense LCAC Floor Ceiling Non-Inverter.webp""]","match"
"74e4a4e0-5034-42c4-b890-c53c2fc4bc8a","Hisense LCAC Floor Ceiling Non-Inverter 16,00kW","Hisense","[""/Hero Images/Product category pictures/Hisense LCAC Floor Ceiling Non-Inverter.webp""]","[""/Hero Images/Product category pictures/Hisense LCAC Floor Ceiling Non-Inverter.webp""]","match"
"4cc5ceba-dd8f-414e-b2b4-85a7bbf1c330","Hisense LCAC Floor Ceiling Non-Inverter 5,00kW","Hisense","[""/Hero Images/Product category pictures/Hisense LCAC Floor Ceiling Non-Inverter.webp""]","[""/Hero Images/Product category pictures/Hisense LCAC Floor Ceiling Non-Inverter.webp""]","match"
"db593f00-fb43-408c-b2e9-3a7bf8f76425","Hisense LCAC Floor Ceiling Non-Inverter 7,03kW","Hisense","[""/Hero Images/Product category pictures/Hisense LCAC Floor Ceiling Non-Inverter.webp""]","[""/Hero Images/Product category pictures/Hisense LCAC Floor Ceiling Non-Inverter.webp""]","match"
"7952c343-01be-4062-8d7c-4d4e6c0cb95d","Hisense RAC Inverter 2,70kW","Hisense","[""/Hero Images/Product category pictures/Hisense RAC Inverter.webp""]","[""/Hero Images/Product category pictures/Hisense RAC Inverter.webp""]","match"
"eddfa953-d1b3-4655-b9e4-f9b70fa79ad6","Hisense RAC Inverter 3,30kW","Hisense","[""/Hero Images/Product category pictures/Hisense RAC Inverter.webp""]","[""/Hero Images/Product category pictures/Hisense RAC Inverter.webp""]","match"
"66f1000d-130e-4bc8-b87e-62c1160fd4d6","Hisense RAC Inverter 5,27kW","Hisense","[""/Hero Images/Product category pictures/Hisense RAC Inverter.webp""]","[""/Hero Images/Product category pictures/Hisense RAC Inverter.webp""]","match"
"6bd4f537-139c-4f31-88ca-40251f0fd570","Hisense RAC Inverter 6,50kW","Hisense","[""/Hero Images/Product category pictures/Hisense RAC Inverter.webp""]","[""/Hero Images/Product category pictures/Hisense RAC Inverter.webp""]","match"
"54500644-5e4b-46e4-8084-6e2aaefa1aaf","Hisense RAC Inverter 8,20kW","Hisense","[""/Hero Images/Product category pictures/Hisense RAC Inverter.webp""]","[""/Hero Images/Product category pictures/Hisense RAC Inverter.webp""]","match"
"069d18d6-40a1-465d-a3ce-1c001067db90","Hisense RAC Inverter 9,10kW","Hisense","[""/Hero Images/Product category pictures/Hisense RAC Inverter.webp""]","[""/Hero Images/Product category pictures/Hisense RAC Inverter.webp""]","match"
"6cf54959-348f-4bc0-800d-370dd4f19b85","Hisense RAC Non-Inverter 2,64kW","Hisense","[""/Hero Images/Product category pictures/Hisense RAC Non-Inverter.webp""]","[""/Hero Images/Product category pictures/Hisense RAC Non-Inverter.webp""]","match"
"d337dddd-9074-4595-b754-731431417c46","Hisense RAC Non-Inverter 3,30kW","Hisense","[""/Hero Images/Product category pictures/Hisense RAC Non-Inverter.webp""]","[""/Hero Images/Product category pictures/Hisense RAC Non-Inverter.webp""]","match"
"e67ac8b0-3d12-4bab-8aa5-a6e3314bb8e0","Hisense RAC Non-Inverter 5,00kW","Hisense","[""/Hero Images/Product category pictures/Hisense RAC Non-Inverter.webp""]","[""/Hero Images/Product category pictures/Hisense RAC Non-Inverter.webp""]","match"
"49b6fe2b-8f6f-496a-92a7-1dfb45cff648","Hisense RAC Non-Inverter 6,50kW","Hisense","[""/Hero Images/Product category pictures/Hisense RAC Non-Inverter.webp""]","[""/Hero Images/Product category pictures/Hisense RAC Non-Inverter.webp""]","match"
"780bf48e-3e7f-47a7-8cff-bfc407b8ee60","Hisense RAC Non-Inverter 8,20kW","Hisense","[""/Hero Images/Product category pictures/Hisense RAC Non-Inverter.webp""]","[""/Hero Images/Product category pictures/Hisense RAC Non-Inverter.webp""]","match"
"8265a8a8-f678-4aa3-b734-f53abb61065f","Hisense RAC Non-Inverter 9,50kW","Hisense","[""/Hero Images/Product category pictures/Hisense RAC Non-Inverter.webp""]","[""/Hero Images/Product category pictures/Hisense RAC Non-Inverter.webp""]","match"
"fdaed334-353d-4864-aec8-a0d50c4d1180","Jet-Air Air Cooled Scroll Chiller 120.0KW","Jet-Air","[""/Hero Images/Product category pictures/JASA Air Cooled Scroll Chiller.webp""]","[""/Hero Images/Product category pictures/JASA Air Cooled Scroll Chiller.webp""]","match"
"4afb2583-24c2-42c9-a1d0-8f7c058a7532","Jet-Air Air Cooled Scroll Chiller 145.0KW","Jet-Air","[""/Hero Images/Product category pictures/JASA Air Cooled Scroll Chiller.webp""]","[""/Hero Images/Product category pictures/JASA Air Cooled Scroll Chiller.webp""]","match"
"c556b125-f664-4edd-ab37-30e391a77249","Jet-Air Air Cooled Scroll Chiller 249.0KW","Jet-Air","[""/Hero Images/Product category pictures/JASA Air Cooled Scroll Chiller.webp""]","[""/Hero Images/Product category pictures/JASA Air Cooled Scroll Chiller.webp""]","match"
"121be3f2-4f4a-4133-a2b6-17cc66559da4","Jet-Air Air Cooled Scroll Chiller 280.0KW","Jet-Air","[""/Hero Images/Product category pictures/JASA Air Cooled Scroll Chiller.webp""]","[""/Hero Images/Product category pictures/JASA Air Cooled Scroll Chiller.webp""]","match"
"ff99af41-c108-4103-b076-340a79014a3a","Jet-Air Air Cooled Scroll Chiller 32.0KW","Jet-Air","[""/Hero Images/Product category pictures/JASA Air Cooled Scroll Chiller.webp""]","[""/Hero Images/Product category pictures/JASA Air Cooled Scroll Chiller.webp""]","match"
"c7f55e93-9dc1-46a1-89d5-42eb787359c3","Jet-Air Air Cooled Scroll Chiller 60.0KW","Jet-Air","[""/Hero Images/Product category pictures/JASA Air Cooled Scroll Chiller.webp""]","[""/Hero Images/Product category pictures/JASA Air Cooled Scroll Chiller.webp""]","match"
"02a4609d-0b11-4fd3-a37c-e573c07f4a4d","Jet-Air Air Cooled Scroll Chiller 65.0KW","Jet-Air","[""/Hero Images/Product category pictures/JASA Air Cooled Scroll Chiller.webp""]","[""/Hero Images/Product category pictures/JASA Air Cooled Scroll Chiller.webp""]","match"
"519eecaa-7608-4b8f-853b-c929f67807db","Jet-Air Air Cooled Scroll Chiller 71.0KW","Jet-Air","[""/Hero Images/Product category pictures/JASA Air Cooled Scroll Chiller.webp""]","[""/Hero Images/Product category pictures/JASA Air Cooled Scroll Chiller.webp""]","match"
"4463d251-29d5-4723-a62a-1a24348eadd0","Jet-Air AL Floor Standing 24000 BTU (Fixed Speed) (1Phase)","Jet-Air","[""/Hero Images/Product category pictures/JASA AL Floor Standing.webp""]","[""/Hero Images/Product category pictures/JASA AL Floor Standing.webp""]","match"
"a24b0474-47e3-42eb-ab3d-d704059ab7c6","Jet-Air AL Floor Standing 36000 BTU (Inverter) (1Phase)","Jet-Air","[""/Hero Images/Product category pictures/JASA AL Floor Standing.webp""]","[""/Hero Images/Product category pictures/JASA AL Floor Standing.webp""]","match"
"753f7a61-1d62-4892-b73f-d734b6306591","Jet-Air AL Floor Standing 60000 BTU (Fixed Speed) (3Phase)","Jet-Air","[""/Hero Images/Product category pictures/JASA AL Floor Standing.webp""]","[""/Hero Images/Product category pictures/JASA AL Floor Standing.webp""]","match"
"3e932dcb-7b83-43cd-bade-8fdea810bdf3","Jet-Air AL Industrial Floor Standing 96000 BTU (3Phase)","Jet-Air","[""/Hero Images/Product category pictures/JASA AL Industrial Floor Standing front.webp"",""/Hero Images/Product category pictures/JASA AL Industrial Floor Standing side.webp""]","[""/Hero Images/Product category pictures/JASA AL Industrial Floor Standing front.webp"",""/Hero Images/Product category pictures/JASA AL Industrial Floor Standing side.webp""]","match"
"58409b9c-ff16-49b5-a14b-d4c3db2bf323","Jet-Air ASI Cassette (Inverter) 12000 BTU (1Phase)","Jet-Air","[""/Hero Images/Product category pictures/JASA ASI Cassette (Inverter).webp""]","[""/Hero Images/Product category pictures/JASA ASI Cassette (Inverter).webp""]","match"
"d4b9bec6-9c7a-40b4-aa43-b748ab5efef7","Jet-Air ASI Cassette (Inverter) 18000 BTU (1Phase)","Jet-Air","[""/Hero Images/Product category pictures/JASA ASI Cassette (Inverter).webp""]","[""/Hero Images/Product category pictures/JASA ASI Cassette (Inverter).webp""]","match"
"d909e1d4-f2f5-4fba-8a83-bd12b94f2098","Jet-Air ASI Cassette (Inverter) 24000 BTU (1Phase)","Jet-Air","[""/Hero Images/Product category pictures/JASA ASI Cassette (Inverter).webp""]","[""/Hero Images/Product category pictures/JASA ASI Cassette (Inverter).webp""]","match"
"fc9c3fe4-2711-48c0-b40c-95e01a93b99f","Jet-Air ASI Cassette (Inverter) 36000 BTU (1Phase)","Jet-Air","[""/Hero Images/Product category pictures/JASA ASI Cassette (Inverter).webp""]","[""/Hero Images/Product category pictures/JASA ASI Cassette (Inverter).webp""]","match"
"0df20e8e-2311-4e87-8b5b-4c7fe6b2806c","Jet-Air ASI Cassette (Inverter) 48000 BTU (1Phase)","Jet-Air","[""/Hero Images/Product category pictures/JASA ASI Cassette (Inverter).webp""]","[""/Hero Images/Product category pictures/JASA ASI Cassette (Inverter).webp""]","match"
"71e4ecb6-9c0d-4c4d-bd05-db8261456bba","Jet-Air ASI Cassette (Inverter) 48000 BTU (3Phase)","Jet-Air","[""/Hero Images/Product category pictures/JASA ASI Cassette (Inverter).webp""]","[""/Hero Images/Product category pictures/JASA ASI Cassette (Inverter).webp""]","match"
"5b923fa3-4954-479e-8e1c-3b4557007548","Jet-Air ASI Cassette (Inverter) 60000 BTU (1Phase)","Jet-Air","[""/Hero Images/Product category pictures/JASA ASI Cassette (Inverter).webp""]","[""/Hero Images/Product category pictures/JASA ASI Cassette (Inverter).webp""]","match"
"20841cae-7622-439b-aea6-d982a6b4a9a0","Jet-Air ASI Cassette (Inverter) 60000 BTU (3Phase)","Jet-Air","[""/Hero Images/Product category pictures/JASA ASI Cassette (Inverter).webp""]","[""/Hero Images/Product category pictures/JASA ASI Cassette (Inverter).webp""]","match"
"0fa2762d-dde4-42c1-b90a-09b53a070051","Jet-Air ASI Ducted (Inverter) 12000 BTU (1Phase)","Jet-Air","[""/Hero Images/Product category pictures/JASA ASI Ducted (Inverter).webp"",""/Hero Images/Product category pictures/JASA ASI Ducted (Inverter) 2.webp""]","[""/Hero Images/Product category pictures/JASA ASI Ducted (Inverter).webp"",""/Hero Images/Product category pictures/JASA ASI Ducted (Inverter) 2.webp""]","match"
"6ab2b1eb-454c-43b4-9592-4c61ccb34f69","Jet-Air ASI Ducted (Inverter) 18000 BTU (1Phase)","Jet-Air","[""/Hero Images/Product category pictures/JASA ASI Ducted (Inverter).webp"",""/Hero Images/Product category pictures/JASA ASI Ducted (Inverter) 2.webp""]","[""/Hero Images/Product category pictures/JASA ASI Ducted (Inverter).webp"",""/Hero Images/Product category pictures/JASA ASI Ducted (Inverter) 2.webp""]","match"
"4c07d5cc-f762-4001-8680-e2e67cbf0e17","Jet-Air ASI Ducted (Inverter) 24000 BTU (1Phase)","Jet-Air","[""/Hero Images/Product category pictures/JASA ASI Ducted (Inverter).webp"",""/Hero Images/Product category pictures/JASA ASI Ducted (Inverter) 2.webp""]","[""/Hero Images/Product category pictures/JASA ASI Ducted (Inverter).webp"",""/Hero Images/Product category pictures/JASA ASI Ducted (Inverter) 2.webp""]","match"
"7e9d2f61-5bc5-483a-b9bd-c6cd9e9939f8","Jet-Air ASI Ducted (Inverter) 36000 BTU (1Phase)","Jet-Air","[""/Hero Images/Product category pictures/JASA ASI Ducted (Inverter).webp"",""/Hero Images/Product category pictures/JASA ASI Ducted (Inverter) 2.webp""]","[""/Hero Images/Product category pictures/JASA ASI Ducted (Inverter).webp"",""/Hero Images/Product category pictures/JASA ASI Ducted (Inverter) 2.webp""]","match"
"76293662-ce87-4ba2-a620-8fb13f15dbfa","Jet-Air ASI Ducted (Inverter) 48000 BTU (1Phase)","Jet-Air","[""/Hero Images/Product category pictures/JASA ASI Ducted (Inverter).webp"",""/Hero Images/Product category pictures/JASA ASI Ducted (Inverter) 2.webp""]","[""/Hero Images/Product category pictures/JASA ASI Ducted (Inverter).webp"",""/Hero Images/Product category pictures/JASA ASI Ducted (Inverter) 2.webp""]","match"
"ab80b760-7bea-46cb-906b-d1faea33ecb9","Jet-Air ASI Ducted (Inverter) 48000 BTU (3Phase)","Jet-Air","[""/Hero Images/Product category pictures/JASA ASI Ducted (Inverter).webp"",""/Hero Images/Product category pictures/JASA ASI Ducted (Inverter) 2.webp""]","[""/Hero Images/Product category pictures/JASA ASI Ducted (Inverter).webp"",""/Hero Images/Product category pictures/JASA ASI Ducted (Inverter) 2.webp""]","match"
"31c2c79b-7bba-4d95-9cfe-9da1799dc3e9","Jet-Air ASI Ducted (Inverter) 60000 BTU (1Phase)","Jet-Air","[""/Hero Images/Product category pictures/JASA ASI Ducted (Inverter).webp"",""/Hero Images/Product category pictures/JASA ASI Ducted (Inverter) 2.webp""]","[""/Hero Images/Product category pictures/JASA ASI Ducted (Inverter).webp"",""/Hero Images/Product category pictures/JASA ASI Ducted (Inverter) 2.webp""]","match"
"f8fd45ab-0a65-4801-91ea-830780db9ec4","Jet-Air ASI Ducted (Inverter) 60000 BTU (3Phase)","Jet-Air","[""/Hero Images/Product category pictures/JASA ASI Ducted (Inverter).webp"",""/Hero Images/Product category pictures/JASA ASI Ducted (Inverter) 2.webp""]","[""/Hero Images/Product category pictures/JASA ASI Ducted (Inverter).webp"",""/Hero Images/Product category pictures/JASA ASI Ducted (Inverter) 2.webp""]","match"
"58876df9-f90b-4919-9f33-0748ff283413","Jet-Air ASI Floor/Ceiling (Inverter) 12000 BTU (1Phase)","Jet-Air","[""/Hero Images/Product category pictures/JASA ASI Floor_Ceiling (Inverter).webp""]","[""/Hero Images/Product category pictures/JASA ASI Floor_Ceiling (Inverter).webp""]","match"
"890abbb6-c556-4fa0-a95b-f8ccc037558f","Jet-Air ASI Floor/Ceiling (Inverter) 18000 BTU (1Phase)","Jet-Air","[""/Hero Images/Product category pictures/JASA ASI Floor_Ceiling (Inverter).webp""]","[""/Hero Images/Product category pictures/JASA ASI Floor_Ceiling (Inverter).webp""]","match"
"c6ae8b0d-ee23-43a8-b448-07eca2560672","Jet-Air ASI Floor/Ceiling (Inverter) 24000 BTU (1Phase)","Jet-Air","[""/Hero Images/Product category pictures/JASA ASI Floor_Ceiling (Inverter).webp""]","[""/Hero Images/Product category pictures/JASA ASI Floor_Ceiling (Inverter).webp""]","match"
"5c8ddfe1-8ae8-4f7f-9bf1-3fbb5b732d85","Jet-Air ASI Floor/Ceiling (Inverter) 36000 BTU (1Phase)","Jet-Air","[""/Hero Images/Product category pictures/JASA ASI Floor_Ceiling (Inverter).webp""]","[""/Hero Images/Product category pictures/JASA ASI Floor_Ceiling (Inverter).webp""]","match"
"245aaee6-b96e-4b38-a558-2d31cc07fac6","Jet-Air ASI Floor/Ceiling (Inverter) 48000 BTU (1Phase)","Jet-Air","[""/Hero Images/Product category pictures/JASA ASI Floor_Ceiling (Inverter).webp""]","[""/Hero Images/Product category pictures/JASA ASI Floor_Ceiling (Inverter).webp""]","match"
"de9d0cff-a745-478c-87ab-86829395cc22","Jet-Air ASI Floor/Ceiling (Inverter) 48000 BTU (3Phase)","Jet-Air","[""/Hero Images/Product category pictures/JASA ASI Floor_Ceiling (Inverter).webp""]","[""/Hero Images/Product category pictures/JASA ASI Floor_Ceiling (Inverter).webp""]","match"
"1b6ebe77-6426-46dd-8c58-5c97493785da","Jet-Air ASI Floor/Ceiling (Inverter) 60000 BTU (1Phase)","Jet-Air","[""/Hero Images/Product category pictures/JASA ASI Floor_Ceiling (Inverter).webp""]","[""/Hero Images/Product category pictures/JASA ASI Floor_Ceiling (Inverter).webp""]","match"
"b33f6f51-bf9a-4391-acc1-48bf1bd4ec01","Jet-Air ASI Floor/Ceiling (Inverter) 60000 BTU (3Phase)","Jet-Air","[""/Hero Images/Product category pictures/JASA ASI Floor_Ceiling (Inverter).webp""]","[""/Hero Images/Product category pictures/JASA ASI Floor_Ceiling (Inverter).webp""]","match"
"87bf8fcb-bf73-4865-8d4b-f05dd9f4f357","Jet-Air Inverter Mini Chiller 11.0KW","Jet-Air","[""/Hero Images/Product category pictures/JASA Inverter Mini Chiller.webp""]","[""/Hero Images/Product category pictures/JASA Inverter Mini Chiller.webp""]","match"
"a6a2c8a8-261c-4317-b10c-f4759ec6a349","Jet-Air Inverter Mini Chiller 20.0KW","Jet-Air","[""/Hero Images/Product category pictures/JASA Inverter Mini Chiller.webp""]","[""/Hero Images/Product category pictures/JASA Inverter Mini Chiller.webp""]","match"
"e7baaa31-33d3-4f4c-bd0a-17441f8a8ffe","Jet-Air Inverter Mini Chiller 25.0KW","Jet-Air","[""/Hero Images/Product category pictures/JASA Inverter Mini Chiller.webp""]","[""/Hero Images/Product category pictures/JASA Inverter Mini Chiller.webp""]","match"
"2789079d-4dfa-4a3c-9173-7aa1d4a5807c","Jet-Air Inverter Mini Chiller 28.0KW","Jet-Air","[""/Hero Images/Product category pictures/JASA Inverter Mini Chiller.webp""]","[""/Hero Images/Product category pictures/JASA Inverter Mini Chiller.webp""]","match"
"f0ef17f2-d3cb-47fb-924c-15f4c3def2ff","Jet-Air Inverter Mini Chiller 32.0KW","Jet-Air","[""/Hero Images/Product category pictures/JASA Inverter Mini Chiller.webp""]","[""/Hero Images/Product category pictures/JASA Inverter Mini Chiller.webp""]","match"
"539ebbb1-7353-4b68-ae01-e53551e582be","Jet-Air Inverter Mini Chiller 6.2KW","Jet-Air","[""/Hero Images/Product category pictures/JASA Inverter Mini Chiller.webp""]","[""/Hero Images/Product category pictures/JASA Inverter Mini Chiller.webp""]","match"
"71b928e7-3e58-4f54-9438-3142cab71555","Jet-Air Inverter Mini Chiller 7.5KW","Jet-Air","[""/Hero Images/Product category pictures/JASA Inverter Mini Chiller.webp""]","[""/Hero Images/Product category pictures/JASA Inverter Mini Chiller.webp""]","match"
"c601b3f4-b21d-48f6-b674-16df9d7de8f7","Jet-Air Inverter Mini Chiller 9.5KW","Jet-Air","[""/Hero Images/Product category pictures/JASA Inverter Mini Chiller.webp""]","[""/Hero Images/Product category pictures/JASA Inverter Mini Chiller.webp""]","match"
"bd43df38-bf84-43cf-8310-7581154a19d9","Jet-Air Inverter Rooftop Package 108.0KW","Jet-Air","[""/Hero Images/Product category pictures/JASA Inverter Rooftop Package.webp"",""/Hero Images/Product category pictures/JASA Inverter Rooftop Package front.webp""]","[""/Hero Images/Product category pictures/JASA Inverter Rooftop Package.webp"",""/Hero Images/Product category pictures/JASA Inverter Rooftop Package front.webp""]","match"
"ede747ad-4682-45d1-a36c-41953b65b916","Jet-Air Inverter Rooftop Package 22.0KW","Jet-Air","[""/Hero Images/Product category pictures/JASA Inverter Rooftop Package.webp"",""/Hero Images/Product category pictures/JASA Inverter Rooftop Package front.webp""]","[""/Hero Images/Product category pictures/JASA Inverter Rooftop Package.webp"",""/Hero Images/Product category pictures/JASA Inverter Rooftop Package front.webp""]","match"
"d4c08ce4-cd9f-4c8a-93fd-d97420ee481a","Jet-Air Inverter Rooftop Package 29.0KW","Jet-Air","[""/Hero Images/Product category pictures/JASA Inverter Rooftop Package.webp"",""/Hero Images/Product category pictures/JASA Inverter Rooftop Package front.webp""]","[""/Hero Images/Product category pictures/JASA Inverter Rooftop Package.webp"",""/Hero Images/Product category pictures/JASA Inverter Rooftop Package front.webp""]","match"
"e39b68bc-647a-43fc-a93c-1302792f84bb","Jet-Air Inverter Rooftop Package 34.0KW","Jet-Air","[""/Hero Images/Product category pictures/JASA Inverter Rooftop Package.webp"",""/Hero Images/Product category pictures/JASA Inverter Rooftop Package front.webp""]","[""/Hero Images/Product category pictures/JASA Inverter Rooftop Package.webp"",""/Hero Images/Product category pictures/JASA Inverter Rooftop Package front.webp""]","match"
"8da07a05-7b18-4825-bcc4-68a2b7066e17","Jet-Air Inverter Rooftop Package 50.1KW","Jet-Air","[""/Hero Images/Product category pictures/JASA Inverter Rooftop Package.webp"",""/Hero Images/Product category pictures/JASA Inverter Rooftop Package front.webp""]","[""/Hero Images/Product category pictures/JASA Inverter Rooftop Package.webp"",""/Hero Images/Product category pictures/JASA Inverter Rooftop Package front.webp""]","match"
"fed3ade5-fb8e-44fb-a6b4-9d04e7574320","Jet-Air Inverter Rooftop Package 63.5KW","Jet-Air","[""/Hero Images/Product category pictures/JASA Inverter Rooftop Package.webp"",""/Hero Images/Product category pictures/JASA Inverter Rooftop Package front.webp""]","[""/Hero Images/Product category pictures/JASA Inverter Rooftop Package.webp"",""/Hero Images/Product category pictures/JASA Inverter Rooftop Package front.webp""]","match"
"17667839-bbe3-4ee3-a88d-f081e9dd35ac","Jet-Air Inverter Rooftop Package 85.0KW","Jet-Air","[""/Hero Images/Product category pictures/JASA Inverter Rooftop Package.webp"",""/Hero Images/Product category pictures/JASA Inverter Rooftop Package front.webp""]","[""/Hero Images/Product category pictures/JASA Inverter Rooftop Package.webp"",""/Hero Images/Product category pictures/JASA Inverter Rooftop Package front.webp""]","match"
"575bd8de-ea77-48c0-b24c-26327afcfab4","Jet-Air J-Smart Mid Wall Split 12000 BTU","Jet-Air","[""/Hero Images/Product category pictures/JASA J-Smart Mid Wall font.webp"",""/Hero Images/Product category pictures/JASA J-Smart Mid Wall tilt.webp""]","[""/Hero Images/Product category pictures/JASA J-Smart Mid Wall font.webp"",""/Hero Images/Product category pictures/JASA J-Smart Mid Wall tilt.webp""]","match"
"d5b6368a-88a1-481b-bf03-1b7a98370bf1","Jet-Air J-Smart Mid Wall Split 18000 BTU","Jet-Air","[""/Hero Images/Product category pictures/JASA J-Smart Mid Wall font.webp"",""/Hero Images/Product category pictures/JASA J-Smart Mid Wall tilt.webp""]","[""/Hero Images/Product category pictures/JASA J-Smart Mid Wall font.webp"",""/Hero Images/Product category pictures/JASA J-Smart Mid Wall tilt.webp""]","match"
"ae087936-95ae-4e68-b3d7-d4d0ee3508f2","Jet-Air J-Smart Mid Wall Split 22000 BTU","Jet-Air","[""/Hero Images/Product category pictures/JASA J-Smart Mid Wall font.webp"",""/Hero Images/Product category pictures/JASA J-Smart Mid Wall tilt.webp""]","[""/Hero Images/Product category pictures/JASA J-Smart Mid Wall font.webp"",""/Hero Images/Product category pictures/JASA J-Smart Mid Wall tilt.webp""]","match"
"805201cc-a49b-41a0-8a39-010a22cc1b91","Jet-Air J-Smart Mid Wall Split 9000 BTU","Jet-Air","[""/Hero Images/Product category pictures/JASA J-Smart Mid Wall font.webp"",""/Hero Images/Product category pictures/JASA J-Smart Mid Wall tilt.webp""]","[""/Hero Images/Product category pictures/JASA J-Smart Mid Wall font.webp"",""/Hero Images/Product category pictures/JASA J-Smart Mid Wall tilt.webp""]","match"
"cdb31664-6cb3-4832-9963-109d9cd17ab4","Jet-Air J-Smart Mirror Mid Wall Split 12000 BTU","Jet-Air","[""/Hero Images/Product category pictures/JASA J-Smart Mirror Mid Wall Split front.webp"",""/Hero Images/Product category pictures/JASA J-Smart Mirror Mid Wall Split side.webp""]","[""/Hero Images/Product category pictures/JASA J-Smart Mirror Mid Wall Split front.webp"",""/Hero Images/Product category pictures/JASA J-Smart Mirror Mid Wall Split side.webp""]","match"
"b81a3e8a-49e4-44dd-bf09-62f3aab3eff8","Jet-Air J-Smart Mirror Mid Wall Split 18000 BTU","Jet-Air","[""/Hero Images/Product category pictures/JASA J-Smart Mirror Mid Wall Split front.webp"",""/Hero Images/Product category pictures/JASA J-Smart Mirror Mid Wall Split side.webp""]","[""/Hero Images/Product category pictures/JASA J-Smart Mirror Mid Wall Split front.webp"",""/Hero Images/Product category pictures/JASA J-Smart Mirror Mid Wall Split side.webp""]","match"
"ca920a74-4da7-4a32-882b-2244440d9fa7","Jet-Air J-Smart Mirror Mid Wall Split 22000 BTU","Jet-Air","[""/Hero Images/Product category pictures/JASA J-Smart Mirror Mid Wall Split front.webp"",""/Hero Images/Product category pictures/JASA J-Smart Mirror Mid Wall Split side.webp""]","[""/Hero Images/Product category pictures/JASA J-Smart Mirror Mid Wall Split front.webp"",""/Hero Images/Product category pictures/JASA J-Smart Mirror Mid Wall Split side.webp""]","match"
"ccffd311-8f7a-40c1-b788-773a581527af","Jet-Air J-Smart Mirror Mid Wall Split 9000 BTU","Jet-Air","[""/Hero Images/Product category pictures/JASA J-Smart Mirror Mid Wall Split front.webp"",""/Hero Images/Product category pictures/JASA J-Smart Mirror Mid Wall Split side.webp""]","[""/Hero Images/Product category pictures/JASA J-Smart Mirror Mid Wall Split front.webp"",""/Hero Images/Product category pictures/JASA J-Smart Mirror Mid Wall Split side.webp""]","match"
"0fa680d3-62c1-46d1-a6a8-bd8d1facf845","Jet-Air Large Ducted (Inverter) 20.0KW","Jet-Air","[""/Hero Images/Product category pictures/JASA Large Ducted.webp""]","[""/Hero Images/Product category pictures/JASA Large Ducted.webp""]","match"
"5af0bf79-42c1-437e-aa78-33828978731f","Jet-Air Large Ducted (Inverter) 25.0KW","Jet-Air","[""/Hero Images/Product category pictures/JASA Large Ducted.webp""]","[""/Hero Images/Product category pictures/JASA Large Ducted.webp""]","match"
"d64766f8-a7a5-4409-9bdd-a2f71858e573","Jet-Air Large Ducted (Inverter) 30.0KW","Jet-Air","[""/Hero Images/Product category pictures/JASA Large Ducted.webp""]","[""/Hero Images/Product category pictures/JASA Large Ducted.webp""]","match"
"8f846069-869a-409d-aa1f-66a357a2229a","Jet-Air Large Ducted (Inverter) 40.0KW","Jet-Air","[""/Hero Images/Product category pictures/JASA Large Ducted.webp""]","[""/Hero Images/Product category pictures/JASA Large Ducted.webp""]","match"
"672157c8-2065-42cf-97f5-03308843b18e","Jet-Air Large Ducted (Inverter) 50.0KW","Jet-Air","[""/Hero Images/Product category pictures/JASA Large Ducted.webp""]","[""/Hero Images/Product category pictures/JASA Large Ducted.webp""]","match"
"4868f11f-ba7f-4ddf-99f7-e21fee3dd1f6","Jet-Air Large Ducted (Inverter) 60.0KW","Jet-Air","[""/Hero Images/Product category pictures/JASA Large Ducted.webp""]","[""/Hero Images/Product category pictures/JASA Large Ducted.webp""]","match"
"582eff36-d454-482b-9603-f3a6c44c45fd","Jet-Air Large Rooftop Package 105.0KW","Jet-Air","[""/Hero Images/Product category pictures/JASA Large Rooftop Package.webp""]","[""/Hero Images/Product category pictures/JASA Large Rooftop Package.webp""]","match"
"ce6fdde0-e87b-458f-b261-01aa42fed3f5","Jet-Air Large Rooftop Package 140.0KW","Jet-Air","[""/Hero Images/Product category pictures/JASA Large Rooftop Package.webp""]","[""/Hero Images/Product category pictures/JASA Large Rooftop Package.webp""]","match"
"b5530253-07b6-4244-937a-ab5019539d13","Jet-Air Large Rooftop Package 180.0KW","Jet-Air","[""/Hero Images/Product category pictures/JASA Large Rooftop Package.webp""]","[""/Hero Images/Product category pictures/JASA Large Rooftop Package.webp""]","match"
"3df3b3de-026b-49e9-9591-72eaa00793da","Jet-Air Large Rooftop Package 230.0KW","Jet-Air","[""/Hero Images/Product category pictures/JASA Large Rooftop Package.webp""]","[""/Hero Images/Product category pictures/JASA Large Rooftop Package.webp""]","match"
"1dc06bed-ca7d-4070-9b6c-77bb588c27b8","Jet-Air Large Rooftop Package 280.0KW","Jet-Air","[""/Hero Images/Product category pictures/JASA Large Rooftop Package.webp""]","[""/Hero Images/Product category pictures/JASA Large Rooftop Package.webp""]","match"
"9a195f92-d0ee-4cc0-b78c-adda3af69323","Jet-Air Large Rooftop Package 365.0KW","Jet-Air","[""/Hero Images/Product category pictures/JASA Large Rooftop Package.webp""]","[""/Hero Images/Product category pictures/JASA Large Rooftop Package.webp""]","match"
"a51f8ce9-73d2-4d13-a9b4-7d5ca79e193a","Jet-Air Q Plus 2.0 Mid Wall Split (Fixed Speed) 11400 BTU","Jet-Air","[""/Hero Images/Product category pictures/JASA Q Plus 2.0 Mid Wall Split (Fixed Speed)front.webp"",""/Hero Images/Product category pictures/JASA Q Plus 2.0 Mid Wall Split (Fixed Speed) 2.webp"",""/Hero Images/Product category pictures/JASA Q Plus 2.0 Mid Wall Split (Fixed Speed) side 2.webp""]","[""/Hero Images/Product category pictures/JASA Q Plus 2.0 Mid Wall Split (Fixed Speed)front.webp"",""/Hero Images/Product category pictures/JASA Q Plus 2.0 Mid Wall Split (Fixed Speed) 2.webp"",""/Hero Images/Product category pictures/JASA Q Plus 2.0 Mid Wall Split (Fixed Speed) side 2.webp""]","match"
"d9e7583d-267d-4318-bcb7-2359f6878f86","Jet-Air Q Plus 2.0 Mid Wall Split (Fixed Speed) 18000 BTU","Jet-Air","[""/Hero Images/Product category pictures/JASA Q Plus 2.0 Mid Wall Split (Fixed Speed)front.webp"",""/Hero Images/Product category pictures/JASA Q Plus 2.0 Mid Wall Split (Fixed Speed) 2.webp"",""/Hero Images/Product category pictures/JASA Q Plus 2.0 Mid Wall Split (Fixed Speed) side 2.webp""]","[""/Hero Images/Product category pictures/JASA Q Plus 2.0 Mid Wall Split (Fixed Speed)front.webp"",""/Hero Images/Product category pictures/JASA Q Plus 2.0 Mid Wall Split (Fixed Speed) 2.webp"",""/Hero Images/Product category pictures/JASA Q Plus 2.0 Mid Wall Split (Fixed Speed) side 2.webp""]","match"
"1de0bfd5-be42-4caa-986c-d931ab96972e","Jet-Air Q Plus 2.0 Mid Wall Split (Fixed Speed) 22000 BTU","Jet-Air","[""/Hero Images/Product category pictures/JASA Q Plus 2.0 Mid Wall Split (Fixed Speed)front.webp"",""/Hero Images/Product category pictures/JASA Q Plus 2.0 Mid Wall Split (Fixed Speed) 2.webp"",""/Hero Images/Product category pictures/JASA Q Plus 2.0 Mid Wall Split (Fixed Speed) side 2.webp""]","[""/Hero Images/Product category pictures/JASA Q Plus 2.0 Mid Wall Split (Fixed Speed)front.webp"",""/Hero Images/Product category pictures/JASA Q Plus 2.0 Mid Wall Split (Fixed Speed) 2.webp"",""/Hero Images/Product category pictures/JASA Q Plus 2.0 Mid Wall Split (Fixed Speed) side 2.webp""]","match"
"607e09df-0922-4f36-929c-4eb02411e233","Jet-Air Q Plus 2.0 Mid Wall Split (Fixed Speed) 29000 BTU","Jet-Air","[""/Hero Images/Product category pictures/JASA Q Plus 2.0 Mid Wall Split (Fixed Speed)front.webp"",""/Hero Images/Product category pictures/JASA Q Plus 2.0 Mid Wall Split (Fixed Speed) 2.webp"",""/Hero Images/Product category pictures/JASA Q Plus 2.0 Mid Wall Split (Fixed Speed) side 2.webp""]","[""/Hero Images/Product category pictures/JASA Q Plus 2.0 Mid Wall Split (Fixed Speed)front.webp"",""/Hero Images/Product category pictures/JASA Q Plus 2.0 Mid Wall Split (Fixed Speed) 2.webp"",""/Hero Images/Product category pictures/JASA Q Plus 2.0 Mid Wall Split (Fixed Speed) side 2.webp""]","match"
"ddf7270a-e3a8-4f1c-897f-c3bb29dd2289","Jet-Air Q Plus 2.0 Mid Wall Split (Fixed Speed) 33400 BTU","Jet-Air","[""/Hero Images/Product category pictures/JASA Q Plus 2.0 Mid Wall Split (Fixed Speed)front.webp"",""/Hero Images/Product category pictures/JASA Q Plus 2.0 Mid Wall Split (Fixed Speed) 2.webp"",""/Hero Images/Product category pictures/JASA Q Plus 2.0 Mid Wall Split (Fixed Speed) side 2.webp""]","[""/Hero Images/Product category pictures/JASA Q Plus 2.0 Mid Wall Split (Fixed Speed)front.webp"",""/Hero Images/Product category pictures/JASA Q Plus 2.0 Mid Wall Split (Fixed Speed) 2.webp"",""/Hero Images/Product category pictures/JASA Q Plus 2.0 Mid Wall Split (Fixed Speed) side 2.webp""]","match"
"1c98c961-44ba-407b-ac8f-befec30084f5","Jet-Air Q Plus 2.0 Mid Wall Split (Fixed Speed) 9000 BTU","Jet-Air","[""/Hero Images/Product category pictures/JASA Q Plus 2.0 Mid Wall Split (Fixed Speed)front.webp"",""/Hero Images/Product category pictures/JASA Q Plus 2.0 Mid Wall Split (Fixed Speed) 2.webp"",""/Hero Images/Product category pictures/JASA Q Plus 2.0 Mid Wall Split (Fixed Speed) side 2.webp""]","[""/Hero Images/Product category pictures/JASA Q Plus 2.0 Mid Wall Split (Fixed Speed)front.webp"",""/Hero Images/Product category pictures/JASA Q Plus 2.0 Mid Wall Split (Fixed Speed) 2.webp"",""/Hero Images/Product category pictures/JASA Q Plus 2.0 Mid Wall Split (Fixed Speed) side 2.webp""]","match"
"e0dac536-12d6-4b59-b34d-897211b2e091","Jet-Air Q Plus 2.0 Mid Wall Split (Inverter) 12000 BTU","Jet-Air","[""/Hero Images/Product category pictures/JASA Q Plus 2.0 Mid Wall Split (Inverter) front.webp"",""/Hero Images/Product category pictures/JASA Q Plus 2.0 Mid Wall Split (Inverter) right.webp"",""/Hero Images/Product category pictures/JASA Q Plus 2.0 Mid Wall Split (Inverter) side.webp""]","[""/Hero Images/Product category pictures/JASA Q Plus 2.0 Mid Wall Split (Inverter) front.webp"",""/Hero Images/Product category pictures/JASA Q Plus 2.0 Mid Wall Split (Inverter) right.webp"",""/Hero Images/Product category pictures/JASA Q Plus 2.0 Mid Wall Split (Inverter) side.webp""]","match"
"e420fbb9-faff-48cc-aea8-eb9ff673696f","Jet-Air Q Plus 2.0 Mid Wall Split (Inverter) 17000 BTU","Jet-Air","[""/Hero Images/Product category pictures/JASA Q Plus 2.0 Mid Wall Split (Inverter) front.webp"",""/Hero Images/Product category pictures/JASA Q Plus 2.0 Mid Wall Split (Inverter) right.webp"",""/Hero Images/Product category pictures/JASA Q Plus 2.0 Mid Wall Split (Inverter) side.webp""]","[""/Hero Images/Product category pictures/JASA Q Plus 2.0 Mid Wall Split (Inverter) front.webp"",""/Hero Images/Product category pictures/JASA Q Plus 2.0 Mid Wall Split (Inverter) right.webp"",""/Hero Images/Product category pictures/JASA Q Plus 2.0 Mid Wall Split (Inverter) side.webp""]","match"
"c0633474-ee5d-4d44-8cb0-9e8782dd8644","Jet-Air Q Plus 2.0 Mid Wall Split (Inverter) 22000 BTU","Jet-Air","[""/Hero Images/Product category pictures/JASA Q Plus 2.0 Mid Wall Split (Inverter) front.webp"",""/Hero Images/Product category pictures/JASA Q Plus 2.0 Mid Wall Split (Inverter) right.webp"",""/Hero Images/Product category pictures/JASA Q Plus 2.0 Mid Wall Split (Inverter) side.webp""]","[""/Hero Images/Product category pictures/JASA Q Plus 2.0 Mid Wall Split (Inverter) front.webp"",""/Hero Images/Product category pictures/JASA Q Plus 2.0 Mid Wall Split (Inverter) right.webp"",""/Hero Images/Product category pictures/JASA Q Plus 2.0 Mid Wall Split (Inverter) side.webp""]","match"
"1f0ff4ec-1460-4d72-b8eb-08b2e39d4317","Jet-Air Q Plus 2.0 Mid Wall Split (Inverter) 30000 BTU","Jet-Air","[""/Hero Images/Product category pictures/JASA Q Plus 2.0 Mid Wall Split (Inverter) front.webp"",""/Hero Images/Product category pictures/JASA Q Plus 2.0 Mid Wall Split (Inverter) right.webp"",""/Hero Images/Product category pictures/JASA Q Plus 2.0 Mid Wall Split (Inverter) side.webp""]","[""/Hero Images/Product category pictures/JASA Q Plus 2.0 Mid Wall Split (Inverter) front.webp"",""/Hero Images/Product category pictures/JASA Q Plus 2.0 Mid Wall Split (Inverter) right.webp"",""/Hero Images/Product category pictures/JASA Q Plus 2.0 Mid Wall Split (Inverter) side.webp""]","match"
"3243c49a-bff9-4f37-984f-37fbc43467a3","Jet-Air Q Plus 2.0 Mid Wall Split (Inverter) 36000 BTU","Jet-Air","[""/Hero Images/Product category pictures/JASA Q Plus 2.0 Mid Wall Split (Inverter) front.webp"",""/Hero Images/Product category pictures/JASA Q Plus 2.0 Mid Wall Split (Inverter) right.webp"",""/Hero Images/Product category pictures/JASA Q Plus 2.0 Mid Wall Split (Inverter) side.webp""]","[""/Hero Images/Product category pictures/JASA Q Plus 2.0 Mid Wall Split (Inverter) front.webp"",""/Hero Images/Product category pictures/JASA Q Plus 2.0 Mid Wall Split (Inverter) right.webp"",""/Hero Images/Product category pictures/JASA Q Plus 2.0 Mid Wall Split (Inverter) side.webp""]","match"
"e64f6a9f-f61d-4929-a62e-b18104d3c0f2","Jet-Air Q Plus 2.0 Mid Wall Split (Inverter) 9000 BTU","Jet-Air","[""/Hero Images/Product category pictures/JASA Q Plus 2.0 Mid Wall Split (Inverter) front.webp"",""/Hero Images/Product category pictures/JASA Q Plus 2.0 Mid Wall Split (Inverter) right.webp"",""/Hero Images/Product category pictures/JASA Q Plus 2.0 Mid Wall Split (Inverter) side.webp""]","[""/Hero Images/Product category pictures/JASA Q Plus 2.0 Mid Wall Split (Inverter) front.webp"",""/Hero Images/Product category pictures/JASA Q Plus 2.0 Mid Wall Split (Inverter) right.webp"",""/Hero Images/Product category pictures/JASA Q Plus 2.0 Mid Wall Split (Inverter) side.webp""]","match"
"1f860973-315f-4e26-b7b6-de4e9c25b199","Jet-Air Q Plus Portable (Wi-Fi, Fixed Speed) 12000 BTU Heat Pump","Jet-Air","[""/Hero Images/Product category pictures/JASA Q Plus Portable (Wi-Fi, Fixed Speed front.webp"",""/Hero Images/Product category pictures/JASA Q Plus Portable (Wi-Fi, Fixed Speed side.webp"",""/Hero Images/Product category pictures/JASA Q Plus Portable (Wi-Fi, Fixed Speed back.webp""]","[""/Hero Images/Product category pictures/JASA Q Plus Portable (Wi-Fi, Fixed Speed front.webp"",""/Hero Images/Product category pictures/JASA Q Plus Portable (Wi-Fi, Fixed Speed side.webp"",""/Hero Images/Product category pictures/JASA Q Plus Portable (Wi-Fi, Fixed Speed back.webp""]","match"
"8554fea2-47e5-4cd3-9c28-99fb99719a7d","Jet-Air Q Plus Wine Mid Wall Split (Inverter) 12000 BTU","Jet-Air","[""/Hero Images/Product category pictures/JASA Q Plus Wine Mid Wall Split front.webp"",""/Hero Images/Product category pictures/JASA Q Plus Wine Mid Wall Split right (2).webp"",""/Hero Images/Product category pictures/JASA Q Plus Wine Mid Wall Split right.webp""]","[""/Hero Images/Product category pictures/JASA Q Plus Wine Mid Wall Split front.webp"",""/Hero Images/Product category pictures/JASA Q Plus Wine Mid Wall Split right (2).webp"",""/Hero Images/Product category pictures/JASA Q Plus Wine Mid Wall Split right.webp""]","match"
"5a7a861a-2ccf-4300-819b-d56da69e5249","Jet-Air Q Plus Wine Mid Wall Split (Inverter) 17000 BTU","Jet-Air","[""/Hero Images/Product category pictures/JASA Q Plus Wine Mid Wall Split front.webp"",""/Hero Images/Product category pictures/JASA Q Plus Wine Mid Wall Split right (2).webp"",""/Hero Images/Product category pictures/JASA Q Plus Wine Mid Wall Split right.webp""]","[""/Hero Images/Product category pictures/JASA Q Plus Wine Mid Wall Split front.webp"",""/Hero Images/Product category pictures/JASA Q Plus Wine Mid Wall Split right (2).webp"",""/Hero Images/Product category pictures/JASA Q Plus Wine Mid Wall Split right.webp""]","match"
"213caf6c-fafd-452a-928e-f843a202bfd4","Jet-Air Q Plus Wine Mid Wall Split (Inverter) 24000 BTU","Jet-Air","[""/Hero Images/Product category pictures/JASA Q Plus Wine Mid Wall Split front.webp"",""/Hero Images/Product category pictures/JASA Q Plus Wine Mid Wall Split right (2).webp"",""/Hero Images/Product category pictures/JASA Q Plus Wine Mid Wall Split right.webp""]","[""/Hero Images/Product category pictures/JASA Q Plus Wine Mid Wall Split front.webp"",""/Hero Images/Product category pictures/JASA Q Plus Wine Mid Wall Split right (2).webp"",""/Hero Images/Product category pictures/JASA Q Plus Wine Mid Wall Split right.webp""]","match"
"0d21d561-783e-484e-9765-36913403f8c1","Jet-Air Q Plus Wine Mid Wall Split (Inverter) 30000 BTU","Jet-Air","[""/Hero Images/Product category pictures/JASA Q Plus Wine Mid Wall Split front.webp"",""/Hero Images/Product category pictures/JASA Q Plus Wine Mid Wall Split right (2).webp"",""/Hero Images/Product category pictures/JASA Q Plus Wine Mid Wall Split right.webp""]","[""/Hero Images/Product category pictures/JASA Q Plus Wine Mid Wall Split front.webp"",""/Hero Images/Product category pictures/JASA Q Plus Wine Mid Wall Split right (2).webp"",""/Hero Images/Product category pictures/JASA Q Plus Wine Mid Wall Split right.webp""]","match"
"77de7d69-389d-4d73-b59d-cef0a91c2c28","Jet-Air Q Plus Wine Mid Wall Split (Inverter) 36000 BTU","Jet-Air","[""/Hero Images/Product category pictures/JASA Q Plus Wine Mid Wall Split front.webp"",""/Hero Images/Product category pictures/JASA Q Plus Wine Mid Wall Split right (2).webp"",""/Hero Images/Product category pictures/JASA Q Plus Wine Mid Wall Split right.webp""]","[""/Hero Images/Product category pictures/JASA Q Plus Wine Mid Wall Split front.webp"",""/Hero Images/Product category pictures/JASA Q Plus Wine Mid Wall Split right (2).webp"",""/Hero Images/Product category pictures/JASA Q Plus Wine Mid Wall Split right.webp""]","match"
"78024d10-c217-4d99-b402-ee21a5a09587","Jet-Air Q Plus Wine Mid Wall Split (Inverter) 9000 BTU","Jet-Air","[""/Hero Images/Product category pictures/JASA Q Plus Wine Mid Wall Split front.webp"",""/Hero Images/Product category pictures/JASA Q Plus Wine Mid Wall Split right (2).webp"",""/Hero Images/Product category pictures/JASA Q Plus Wine Mid Wall Split right.webp""]","[""/Hero Images/Product category pictures/JASA Q Plus Wine Mid Wall Split front.webp"",""/Hero Images/Product category pictures/JASA Q Plus Wine Mid Wall Split right (2).webp"",""/Hero Images/Product category pictures/JASA Q Plus Wine Mid Wall Split right.webp""]","match"
"98627ebe-aea5-498d-b55d-aeffde9cbd9d","Jet-Air Q Plus X Mid Wall Split (Inverter R32) 12000 BTU","Jet-Air","[""/Hero Images/Product category pictures/JASA Q Plus X Mid Wall Split 2.webp"",""/Hero Images/Product category pictures/JASA Q Plus X Mid Wall Split front 1.webp"",""/Hero Images/Product category pictures/JASA Q Plus X Mid Wall Split front.webp""]","[""/Hero Images/Product category pictures/JASA Q Plus X Mid Wall Split 2.webp"",""/Hero Images/Product category pictures/JASA Q Plus X Mid Wall Split front 1.webp"",""/Hero Images/Product category pictures/JASA Q Plus X Mid Wall Split front.webp""]","match"
"4d7fc64c-a3d3-4d08-8ea2-117de563f37c","Jet-Air Q Plus X Mid Wall Split (Inverter R32) 18000 BTU","Jet-Air","[""/Hero Images/Product category pictures/JASA Q Plus X Mid Wall Split 2.webp"",""/Hero Images/Product category pictures/JASA Q Plus X Mid Wall Split front 1.webp"",""/Hero Images/Product category pictures/JASA Q Plus X Mid Wall Split front.webp""]","[""/Hero Images/Product category pictures/JASA Q Plus X Mid Wall Split 2.webp"",""/Hero Images/Product category pictures/JASA Q Plus X Mid Wall Split front 1.webp"",""/Hero Images/Product category pictures/JASA Q Plus X Mid Wall Split front.webp""]","match"
"972f54f7-4bef-4c6e-aeff-c495055a9c07","Jet-Air Q Plus X Mid Wall Split (Inverter R32) 22000 BTU","Jet-Air","[""/Hero Images/Product category pictures/JASA Q Plus X Mid Wall Split 2.webp"",""/Hero Images/Product category pictures/JASA Q Plus X Mid Wall Split front 1.webp"",""/Hero Images/Product category pictures/JASA Q Plus X Mid Wall Split front.webp""]","[""/Hero Images/Product category pictures/JASA Q Plus X Mid Wall Split 2.webp"",""/Hero Images/Product category pictures/JASA Q Plus X Mid Wall Split front 1.webp"",""/Hero Images/Product category pictures/JASA Q Plus X Mid Wall Split front.webp""]","match"
"1a2aeb71-42f4-4bfb-8ccf-54c4cbf3497d","Jet-Air Q Plus X Mid Wall Split (Inverter R32) 30000 BTU","Jet-Air","[""/Hero Images/Product category pictures/JASA Q Plus X Mid Wall Split 2.webp"",""/Hero Images/Product category pictures/JASA Q Plus X Mid Wall Split front 1.webp"",""/Hero Images/Product category pictures/JASA Q Plus X Mid Wall Split front.webp""]","[""/Hero Images/Product category pictures/JASA Q Plus X Mid Wall Split 2.webp"",""/Hero Images/Product category pictures/JASA Q Plus X Mid Wall Split front 1.webp"",""/Hero Images/Product category pictures/JASA Q Plus X Mid Wall Split front.webp""]","match"
"b0cdb255-1d43-48bd-802f-5880f0aed6f8","Jet-Air Q Plus X Mid Wall Split (Inverter R32) 36000 BTU","Jet-Air","[""/Hero Images/Product category pictures/JASA Q Plus X Mid Wall Split 2.webp"",""/Hero Images/Product category pictures/JASA Q Plus X Mid Wall Split front 1.webp"",""/Hero Images/Product category pictures/JASA Q Plus X Mid Wall Split front.webp""]","[""/Hero Images/Product category pictures/JASA Q Plus X Mid Wall Split 2.webp"",""/Hero Images/Product category pictures/JASA Q Plus X Mid Wall Split front 1.webp"",""/Hero Images/Product category pictures/JASA Q Plus X Mid Wall Split front.webp""]","match"
"beb5093d-933e-4a2a-adb7-c77df25e3c12","Jet-Air Q Plus X Mid Wall Split (Inverter R32) 9000 BTU","Jet-Air","[""/Hero Images/Product category pictures/JASA Q Plus X Mid Wall Split 2.webp"",""/Hero Images/Product category pictures/JASA Q Plus X Mid Wall Split front 1.webp"",""/Hero Images/Product category pictures/JASA Q Plus X Mid Wall Split front.webp""]","[""/Hero Images/Product category pictures/JASA Q Plus X Mid Wall Split 2.webp"",""/Hero Images/Product category pictures/JASA Q Plus X Mid Wall Split front 1.webp"",""/Hero Images/Product category pictures/JASA Q Plus X Mid Wall Split front.webp""]","match"
"960efc1f-c546-45db-b307-e3366c3078bc","Jet-Air R2 Cassette (Fixed Speed) 12000 BTU (1Phase)","Jet-Air","[""/Hero Images/Product category pictures/JASA R2 Cassette (Fixed Speed).webp""]","[""/Hero Images/Product category pictures/JASA R2 Cassette (Fixed Speed).webp""]","match"
"20cb844c-8155-4674-90a2-ee1c855c0140","Jet-Air R2 Cassette (Fixed Speed) 18000 BTU (1Phase)","Jet-Air","[""/Hero Images/Product category pictures/JASA R2 Cassette (Fixed Speed).webp""]","[""/Hero Images/Product category pictures/JASA R2 Cassette (Fixed Speed).webp""]","match"
"0112f338-9759-479a-a05e-ca737f1a2c9f","Jet-Air R2 Cassette (Fixed Speed) 24000 BTU (1Phase)","Jet-Air","[""/Hero Images/Product category pictures/JASA R2 Cassette (Fixed Speed).webp""]","[""/Hero Images/Product category pictures/JASA R2 Cassette (Fixed Speed).webp""]","match"
"a7aae91b-2406-4e12-b600-d85ed46a13db","Jet-Air R2 Cassette (Fixed Speed) 36000 BTU (1Phase)","Jet-Air","[""/Hero Images/Product category pictures/JASA R2 Cassette (Fixed Speed).webp""]","[""/Hero Images/Product category pictures/JASA R2 Cassette (Fixed Speed).webp""]","match"
"ec0387b6-89eb-4cf7-a0cd-12001790e828","Jet-Air R2 Cassette (Fixed Speed) 36000 BTU (3Phase)","Jet-Air","[""/Hero Images/Product category pictures/JASA R2 Cassette (Fixed Speed).webp""]","[""/Hero Images/Product category pictures/JASA R2 Cassette (Fixed Speed).webp""]","match"
"45c15105-4dae-491a-9df5-8a3484cd9431","Jet-Air R2 Cassette (Fixed Speed) 48000 BTU (3Phase)","Jet-Air","[""/Hero Images/Product category pictures/JASA R2 Cassette (Fixed Speed).webp""]","[""/Hero Images/Product category pictures/JASA R2 Cassette (Fixed Speed).webp""]","match"
"c3830a92-174c-4c45-b61e-1e40e914ebbb","Jet-Air R2 Cassette (Fixed Speed) 60000 BTU (3Phase)","Jet-Air","[""/Hero Images/Product category pictures/JASA R2 Cassette (Fixed Speed).webp""]","[""/Hero Images/Product category pictures/JASA R2 Cassette (Fixed Speed).webp""]","match"
"3eb37698-4f97-46bb-ba9b-6f59404d8575","Jet-Air R2 Ducted (Fixed Speed) 12000 BTU (1Phase)","Jet-Air","[""/Hero Images/Product category pictures/JASA R2 Ducted (Fixed Speed).webp""]","[""/Hero Images/Product category pictures/JASA R2 Ducted (Fixed Speed).webp""]","match"
"b82db0e7-762d-4c37-9129-f0a0e318fea8","Jet-Air R2 Ducted (Fixed Speed) 18000 BTU (1Phase)","Jet-Air","[""/Hero Images/Product category pictures/JASA R2 Ducted (Fixed Speed).webp""]","[""/Hero Images/Product category pictures/JASA R2 Ducted (Fixed Speed).webp""]","match"
"d1ad0061-293b-4a0d-8728-935448a452ab","Jet-Air R2 Ducted (Fixed Speed) 24000 BTU (1Phase)","Jet-Air","[""/Hero Images/Product category pictures/JASA R2 Ducted (Fixed Speed).webp""]","[""/Hero Images/Product category pictures/JASA R2 Ducted (Fixed Speed).webp""]","match"
"3dc20b8a-f8c4-42d5-ab46-d6fa4cae0e1f","Jet-Air R2 Ducted (Fixed Speed) 36000 BTU (1Phase)","Jet-Air","[""/Hero Images/Product category pictures/JASA R2 Ducted (Fixed Speed).webp""]","[""/Hero Images/Product category pictures/JASA R2 Ducted (Fixed Speed).webp""]","match"
"ef69c22a-3cd1-44cb-9959-9450548bfcec","Jet-Air R2 Ducted (Fixed Speed) 36000 BTU (3Phase)","Jet-Air","[""/Hero Images/Product category pictures/JASA R2 Ducted (Fixed Speed).webp""]","[""/Hero Images/Product category pictures/JASA R2 Ducted (Fixed Speed).webp""]","match"
"337bcda8-fe52-4280-bd2a-3f677480f69d","Jet-Air R2 Ducted (Fixed Speed) 48000 BTU (3Phase)","Jet-Air","[""/Hero Images/Product category pictures/JASA R2 Ducted (Fixed Speed).webp""]","[""/Hero Images/Product category pictures/JASA R2 Ducted (Fixed Speed).webp""]","match"
"c5d37953-0922-42e5-8682-b3abe12a61c8","Jet-Air R2 Ducted (Fixed Speed) 60000 BTU (3Phase)","Jet-Air","[""/Hero Images/Product category pictures/JASA R2 Ducted (Fixed Speed).webp""]","[""/Hero Images/Product category pictures/JASA R2 Ducted (Fixed Speed).webp""]","match"
"8affe8fb-c60a-4d7a-a2b7-ba73864a1ef8","Jet-Air R2 Floor/Ceiling (Fixed Speed) 18000 BTU (1Phase)","Jet-Air","[""/Hero Images/Product category pictures/JASA R2 Floor_Ceiling (Fixed Speed).webp""]","[""/Hero Images/Product category pictures/JASA R2 Floor_Ceiling (Fixed Speed).webp""]","match"
"86fbf637-3090-476d-91ee-8a24db564355","Jet-Air R2 Floor/Ceiling (Fixed Speed) 24000 BTU (1Phase)","Jet-Air","[""/Hero Images/Product category pictures/JASA R2 Floor_Ceiling (Fixed Speed).webp""]","[""/Hero Images/Product category pictures/JASA R2 Floor_Ceiling (Fixed Speed).webp""]","match"
"68a1c016-74bc-49c0-89eb-3442f8427e4e","Jet-Air R2 Floor/Ceiling (Fixed Speed) 36000 BTU (1Phase)","Jet-Air","[""/Hero Images/Product category pictures/JASA R2 Floor_Ceiling (Fixed Speed).webp""]","[""/Hero Images/Product category pictures/JASA R2 Floor_Ceiling (Fixed Speed).webp""]","match"
"ca1b4169-6db7-4072-9067-f3d5c008bb83","Jet-Air R2 Floor/Ceiling (Fixed Speed) 36000 BTU (3Phase)","Jet-Air","[""/Hero Images/Product category pictures/JASA R2 Floor_Ceiling (Fixed Speed).webp""]","[""/Hero Images/Product category pictures/JASA R2 Floor_Ceiling (Fixed Speed).webp""]","match"
"1baf9f3b-46ea-47b3-a605-13bf90b07671","Jet-Air R2 Floor/Ceiling (Fixed Speed) 48000 BTU (3Phase)","Jet-Air","[""/Hero Images/Product category pictures/JASA R2 Floor_Ceiling (Fixed Speed).webp""]","[""/Hero Images/Product category pictures/JASA R2 Floor_Ceiling (Fixed Speed).webp""]","match"
"4b78b5fd-8154-4c9f-8077-9c09f24ee5b2","Jet-Air R2 Floor/Ceiling (Fixed Speed) 60000 BTU (3Phase)","Jet-Air","[""/Hero Images/Product category pictures/JASA R2 Floor_Ceiling (Fixed Speed).webp""]","[""/Hero Images/Product category pictures/JASA R2 Floor_Ceiling (Fixed Speed).webp""]","match"
"327a7887-cdcd-442d-9752-36f1c1a99419","Jet-Air Shine Floor Standing 24000 BTU (1Phase)","Jet-Air","[""/Hero Images/Product category pictures/JASA Shine Floor Standing 1.webp"",""/Hero Images/Product category pictures/JASA Shine Floor Standing front.webp""]","[""/Hero Images/Product category pictures/JASA Shine Floor Standing 1.webp"",""/Hero Images/Product category pictures/JASA Shine Floor Standing front.webp""]","match"
"5bc5f166-ada6-4857-9d32-3371b2ad2b1a","Jet-Air Window Wall (Fixed Speed, Cooling Only) 12000 BTU","Jet-Air","[""/Hero Images/Product category pictures/JASA Window Wall (Fixed Speed, Cooling Only).webp"",""/Hero Images/Product category pictures/JASA Window Wall (Fixed Speed, Heat Pump).webp""]","[""/Hero Images/Product category pictures/JASA Window Wall (Fixed Speed, Cooling Only).webp"",""/Hero Images/Product category pictures/JASA Window Wall (Fixed Speed, Heat Pump).webp""]","match"
"234c053a-89aa-4b94-80a0-3b3877f571f4","Jet-Air Window Wall (Fixed Speed, Cooling Only) 18000 BTU","Jet-Air","[""/Hero Images/Product category pictures/JASA Window Wall (Fixed Speed, Cooling Only).webp"",""/Hero Images/Product category pictures/JASA Window Wall (Fixed Speed, Heat Pump).webp""]","[""/Hero Images/Product category pictures/JASA Window Wall (Fixed Speed, Cooling Only).webp"",""/Hero Images/Product category pictures/JASA Window Wall (Fixed Speed, Heat Pump).webp""]","match"
"c48207e9-fafb-47e7-b8a7-3d4011b1387c","Jet-Air Window Wall (Fixed Speed, Cooling Only) 23000 BTU","Jet-Air","[""/Hero Images/Product category pictures/JASA Window Wall (Fixed Speed, Cooling Only).webp"",""/Hero Images/Product category pictures/JASA Window Wall (Fixed Speed, Heat Pump).webp""]","[""/Hero Images/Product category pictures/JASA Window Wall (Fixed Speed, Cooling Only).webp"",""/Hero Images/Product category pictures/JASA Window Wall (Fixed Speed, Heat Pump).webp""]","match"
"9aef9812-be1a-47ad-8ac0-be2b8284e2a2","Jet-Air Window Wall (Fixed Speed, Cooling Only) 9000 BTU","Jet-Air","[""/Hero Images/Product category pictures/JASA Window Wall (Fixed Speed, Cooling Only).webp"",""/Hero Images/Product category pictures/JASA Window Wall (Fixed Speed, Heat Pump).webp""]","[""/Hero Images/Product category pictures/JASA Window Wall (Fixed Speed, Cooling Only).webp"",""/Hero Images/Product category pictures/JASA Window Wall (Fixed Speed, Heat Pump).webp""]","match"
"fdded6ff-6775-46d4-ba15-e81c8c9ae162","Jet-Air Window Wall (Fixed Speed, Heat Pump) 12000 BTU","Jet-Air","[""/Hero Images/Product category pictures/JASA Window Wall (Fixed Speed, Cooling Only).webp"",""/Hero Images/Product category pictures/JASA Window Wall (Fixed Speed, Heat Pump).webp""]","[""/Hero Images/Product category pictures/JASA Window Wall (Fixed Speed, Cooling Only).webp"",""/Hero Images/Product category pictures/JASA Window Wall (Fixed Speed, Heat Pump).webp""]","match"
"203f7c2b-d4f9-4b10-a2ac-fa2f083d438a","Jet-Air Window Wall (Fixed Speed, Heat Pump) 18000 BTU","Jet-Air","[""/Hero Images/Product category pictures/JASA Window Wall (Fixed Speed, Cooling Only).webp"",""/Hero Images/Product category pictures/JASA Window Wall (Fixed Speed, Heat Pump).webp""]","[""/Hero Images/Product category pictures/JASA Window Wall (Fixed Speed, Cooling Only).webp"",""/Hero Images/Product category pictures/JASA Window Wall (Fixed Speed, Heat Pump).webp""]","match"
"9713f6d4-60b3-4600-9f3c-11057ca691c3","Jet-Air Window Wall (Fixed Speed, Heat Pump) 21000 BTU","Jet-Air","[""/Hero Images/Product category pictures/JASA Window Wall (Fixed Speed, Cooling Only).webp"",""/Hero Images/Product category pictures/JASA Window Wall (Fixed Speed, Heat Pump).webp""]","[""/Hero Images/Product category pictures/JASA Window Wall (Fixed Speed, Cooling Only).webp"",""/Hero Images/Product category pictures/JASA Window Wall (Fixed Speed, Heat Pump).webp""]","match"
"8a22e141-a14e-4ec3-8e55-049a9ff0f39e","Jet-Air Window Wall (Fixed Speed, Heat Pump) 9000 BTU","Jet-Air","[""/Hero Images/Product category pictures/JASA Window Wall (Fixed Speed, Cooling Only).webp"",""/Hero Images/Product category pictures/JASA Window Wall (Fixed Speed, Heat Pump).webp""]","[""/Hero Images/Product category pictures/JASA Window Wall (Fixed Speed, Cooling Only).webp"",""/Hero Images/Product category pictures/JASA Window Wall (Fixed Speed, Heat Pump).webp""]","match"
"bf0bff06-96a5-496c-a48f-d8010ada6ea1","Jet-Air Window Wall (Inverter, Cooling Only) 12000 BTU","Jet-Air","[""/Hero Images/Product category pictures/JASA Window Wall (Fixed Speed, Cooling Only).webp"",""/Hero Images/Product category pictures/JASA Window Wall (Fixed Speed, Heat Pump).webp""]","[""/Hero Images/Product category pictures/JASA Window Wall (Fixed Speed, Cooling Only).webp"",""/Hero Images/Product category pictures/JASA Window Wall (Fixed Speed, Heat Pump).webp""]","match"
"20aaacc3-37fa-47a0-aed3-d49ef1c42e20","Jet-Air Window Wall (Inverter, Cooling Only) 18000 BTU","Jet-Air","[""/Hero Images/Product category pictures/JASA Window Wall (Fixed Speed, Cooling Only).webp"",""/Hero Images/Product category pictures/JASA Window Wall (Fixed Speed, Heat Pump).webp""]","[""/Hero Images/Product category pictures/JASA Window Wall (Fixed Speed, Cooling Only).webp"",""/Hero Images/Product category pictures/JASA Window Wall (Fixed Speed, Heat Pump).webp""]","match"
"620adf62-252e-4d87-8114-cdfacfc3a50f","Jet-Air Window Wall (Inverter, Cooling Only) 23000 BTU","Jet-Air","[""/Hero Images/Product category pictures/JASA Window Wall (Fixed Speed, Cooling Only).webp"",""/Hero Images/Product category pictures/JASA Window Wall (Fixed Speed, Heat Pump).webp""]","[""/Hero Images/Product category pictures/JASA Window Wall (Fixed Speed, Cooling Only).webp"",""/Hero Images/Product category pictures/JASA Window Wall (Fixed Speed, Heat Pump).webp""]","match"
"6d14b045-515c-4228-ba1c-2d751fb13da7","Jet-Air Window Wall (Inverter, Cooling Only) 9000 BTU","Jet-Air","[""/Hero Images/Product category pictures/JASA Window Wall (Fixed Speed, Cooling Only).webp"",""/Hero Images/Product category pictures/JASA Window Wall (Fixed Speed, Heat Pump).webp""]","[""/Hero Images/Product category pictures/JASA Window Wall (Fixed Speed, Cooling Only).webp"",""/Hero Images/Product category pictures/JASA Window Wall (Fixed Speed, Heat Pump).webp""]","match"
"78034bb4-acae-4af9-ad2f-b2009b70b2a7","LG 12000BTU Inverter Split Wall Unit","LG","[""/Hero Images/Featured In section/WindFree™ 4-Way Cassette.png"",""/Hero Images/Featured In section/WindFree™ 4-Way Cassette.png""]","[]","unresolved"
"360ee494-73e7-4126-83ff-7a0d5c284e55","LG Art Cool - Inverter 12 000 BTU Heatpump Midwall - R410A","LG","[""/Hero Images/Product category pictures/LG Art Cool - Inverter.webp"",""/Hero Images/Product category pictures/LG Art Cool - Inverter front.webp"",""/Hero Images/Product category pictures/LG Art Cool - Inverter side.webp"",""/Hero Images/Product category pictures/LG Art Cool - Inverter 3.webp"",""/Hero Images/Product category pictures/LG Art Cool - Inverter4.webp""]","[""/Hero Images/Product category pictures/LG Art Cool - Inverter.webp"",""/Hero Images/Product category pictures/LG Art Cool - Inverter front.webp"",""/Hero Images/Product category pictures/LG Art Cool - Inverter side.webp"",""/Hero Images/Product category pictures/LG Art Cool - Inverter 3.webp"",""/Hero Images/Product category pictures/LG Art Cool - Inverter4.webp""]","match"
"101a6de9-af75-4b0b-95f3-4336082c4c61","LG Art Cool - Inverter 18 000 BTU Heatpump Midwall - R410A","LG","[""/Hero Images/Product category pictures/LG Art Cool - Inverter.webp"",""/Hero Images/Product category pictures/LG Art Cool - Inverter front.webp"",""/Hero Images/Product category pictures/LG Art Cool - Inverter side.webp"",""/Hero Images/Product category pictures/LG Art Cool - Inverter 3.webp"",""/Hero Images/Product category pictures/LG Art Cool - Inverter4.webp""]","[""/Hero Images/Product category pictures/LG Art Cool - Inverter.webp"",""/Hero Images/Product category pictures/LG Art Cool - Inverter front.webp"",""/Hero Images/Product category pictures/LG Art Cool - Inverter side.webp"",""/Hero Images/Product category pictures/LG Art Cool - Inverter 3.webp"",""/Hero Images/Product category pictures/LG Art Cool - Inverter4.webp""]","match"
"23f7e78d-714f-46fb-a72d-7b370368cf83","LG Art Cool - Inverter 24 000 BTU Heatpump Midwall - R410A","LG","[""/Hero Images/Product category pictures/LG Art Cool - Inverter.webp"",""/Hero Images/Product category pictures/LG Art Cool - Inverter front.webp"",""/Hero Images/Product category pictures/LG Art Cool - Inverter side.webp"",""/Hero Images/Product category pictures/LG Art Cool - Inverter 3.webp"",""/Hero Images/Product category pictures/LG Art Cool - Inverter4.webp""]","[""/Hero Images/Product category pictures/LG Art Cool - Inverter.webp"",""/Hero Images/Product category pictures/LG Art Cool - Inverter front.webp"",""/Hero Images/Product category pictures/LG Art Cool - Inverter side.webp"",""/Hero Images/Product category pictures/LG Art Cool - Inverter 3.webp"",""/Hero Images/Product category pictures/LG Art Cool - Inverter4.webp""]","match"
"6500872d-6059-417a-b55c-0f7c26282d39","LG Ceiling Cassette - Inverter 12 000 BTU Heat Pump Cassette - R410a","LG","[""/Hero Images/Product category pictures/LG Ceiling Cassette - Inverter.webp""]","[""/Hero Images/Product category pictures/LG Ceiling Cassette - Inverter.webp""]","match"
"35227b59-08af-4678-85bc-620fa37fb265","LG Ceiling Cassette - Inverter 18 000 BTU Heat Pump Cassette - R410a","LG","[""/Hero Images/Product category pictures/LG Ceiling Cassette - Inverter.webp""]","[""/Hero Images/Product category pictures/LG Ceiling Cassette - Inverter.webp""]","match"
"8cf048ad-bad3-4623-a249-fd788631134d","LG Ceiling Cassette - Inverter 24 000 BTU Heat Pump Cassette - R410a","LG","[""/Hero Images/Product category pictures/LG Ceiling Cassette - Inverter.webp""]","[""/Hero Images/Product category pictures/LG Ceiling Cassette - Inverter.webp""]","match"
"239f89df-83d9-4b93-8c08-12cef2e1d498","LG Ceiling Cassette - Inverter 30 000 BTU Heat Pump Cassette - R410a","LG","[""/Hero Images/Product category pictures/LG Ceiling Cassette - Inverter.webp""]","[""/Hero Images/Product category pictures/LG Ceiling Cassette - Inverter.webp""]","match"
"e8a1913a-45aa-4ed0-bbf7-ed9e96f03bb1","LG Ceiling Cassette - Inverter 36 000 BTU Heat Pump Cassette - R410a","LG","[""/Hero Images/Product category pictures/LG Ceiling Cassette - Inverter.webp""]","[""/Hero Images/Product category pictures/LG Ceiling Cassette - Inverter.webp""]","match"
"78c4bb4a-cf30-4bab-a245-5b2b528d73b8","LG Ceiling Cassette - Inverter 48 000 BTU Heat Pump Cassette - R410a","LG","[""/Hero Images/Product category pictures/LG Ceiling Cassette - Inverter.webp""]","[""/Hero Images/Product category pictures/LG Ceiling Cassette - Inverter.webp""]","match"
"4a089ee6-fb15-4b23-9a73-9096b8ed456b","LG Ceiling Cassette - Inverter 60 000 BTU Heat Pump Cassette - R410a","LG","[""/Hero Images/Product category pictures/LG Ceiling Cassette - Inverter.webp""]","[""/Hero Images/Product category pictures/LG Ceiling Cassette - Inverter.webp""]","match"
"42fe54da-2bef-43d9-b9cd-bfeb2c10b67f","LG Commercial RAC - Inverter 12 000 BTU Heatpump Midwall - R410A","LG","[""/Hero Images/Product category pictures/LG Commercial RAC - Inverter.webp"",""/Hero Images/Product category pictures/LG Commercial RAC - Inverter  fromt.webp"",""/Hero Images/Product category pictures/LG Commercial RAC - Inverter condenser.webp""]","[""/Hero Images/Product category pictures/LG Commercial RAC - Inverter.webp"",""/Hero Images/Product category pictures/LG Commercial RAC - Inverter  fromt.webp"",""/Hero Images/Product category pictures/LG Commercial RAC - Inverter condenser.webp""]","match"
"a3dcfc6b-dc79-4d15-ae04-c44fe629f8e3","LG Commercial RAC - Inverter 18 000 BTU Heatpump Midwall - R410A","LG","[""/Hero Images/Product category pictures/LG Commercial RAC - Inverter.webp"",""/Hero Images/Product category pictures/LG Commercial RAC - Inverter  fromt.webp"",""/Hero Images/Product category pictures/LG Commercial RAC - Inverter condenser.webp""]","[""/Hero Images/Product category pictures/LG Commercial RAC - Inverter.webp"",""/Hero Images/Product category pictures/LG Commercial RAC - Inverter  fromt.webp"",""/Hero Images/Product category pictures/LG Commercial RAC - Inverter condenser.webp""]","match"
"78607813-ffd6-4c7e-9bcf-20ed4981151c","LG Commercial RAC - Inverter 9 000 BTU Heatpump Midwall - R410A","LG","[""/Hero Images/Product category pictures/LG Commercial RAC - Inverter.webp"",""/Hero Images/Product category pictures/LG Commercial RAC - Inverter  fromt.webp"",""/Hero Images/Product category pictures/LG Commercial RAC - Inverter condenser.webp""]","[""/Hero Images/Product category pictures/LG Commercial RAC - Inverter.webp"",""/Hero Images/Product category pictures/LG Commercial RAC - Inverter  fromt.webp"",""/Hero Images/Product category pictures/LG Commercial RAC - Inverter condenser.webp""]","match"
"2d0edf1c-98d2-40e8-9e1a-ee1239d4a3a2","LG Dual Cool - Inverter 12 000 BTU Heatpump Midwall - R410A","LG","[""/Hero Images/Product category pictures/LG Dual Cool - Inverter front.webp"",""/Hero Images/Product category pictures/LG Dual Cool - Inverter 2.webp"",""/Hero Images/Product category pictures/LG Dual Cool - Inverter 3.webp"",""/Hero Images/Product category pictures/LG Dual Cool - Inverter 4.webp""]","[""/Hero Images/Product category pictures/LG Dual Cool - Inverter front.webp"",""/Hero Images/Product category pictures/LG Dual Cool - Inverter 2.webp"",""/Hero Images/Product category pictures/LG Dual Cool - Inverter 3.webp"",""/Hero Images/Product category pictures/LG Dual Cool - Inverter 4.webp""]","match"
"906fa2ec-efed-4cf2-a3be-fb8fe5295a2b","LG Dual Cool - Inverter 18 000 BTU Heatpump Midwall - R410A","LG","[""/Hero Images/Product category pictures/LG Dual Cool - Inverter front.webp"",""/Hero Images/Product category pictures/LG Dual Cool - Inverter 2.webp"",""/Hero Images/Product category pictures/LG Dual Cool - Inverter 3.webp"",""/Hero Images/Product category pictures/LG Dual Cool - Inverter 4.webp""]","[""/Hero Images/Product category pictures/LG Dual Cool - Inverter front.webp"",""/Hero Images/Product category pictures/LG Dual Cool - Inverter 2.webp"",""/Hero Images/Product category pictures/LG Dual Cool - Inverter 3.webp"",""/Hero Images/Product category pictures/LG Dual Cool - Inverter 4.webp""]","match"
"0636e6dc-e183-446b-a2a9-224589ba9c26","LG Dual Cool - Inverter 24 000 BTU Heatpump Midwall - R410A","LG","[""/Hero Images/Product category pictures/LG Dual Cool - Inverter front.webp"",""/Hero Images/Product category pictures/LG Dual Cool - Inverter 2.webp"",""/Hero Images/Product category pictures/LG Dual Cool - Inverter 3.webp"",""/Hero Images/Product category pictures/LG Dual Cool - Inverter 4.webp""]","[""/Hero Images/Product category pictures/LG Dual Cool - Inverter front.webp"",""/Hero Images/Product category pictures/LG Dual Cool - Inverter 2.webp"",""/Hero Images/Product category pictures/LG Dual Cool - Inverter 3.webp"",""/Hero Images/Product category pictures/LG Dual Cool - Inverter 4.webp""]","match"
"0d3b491c-0418-4df2-bd05-3a23e4b6e53d","LG Dual Cool - Inverter 36 000 BTU Heatpump Midwall - R410A","LG","[""/Hero Images/Product category pictures/LG Dual Cool - Inverter front.webp"",""/Hero Images/Product category pictures/LG Dual Cool - Inverter 2.webp"",""/Hero Images/Product category pictures/LG Dual Cool - Inverter 3.webp"",""/Hero Images/Product category pictures/LG Dual Cool - Inverter 4.webp""]","[""/Hero Images/Product category pictures/LG Dual Cool - Inverter front.webp"",""/Hero Images/Product category pictures/LG Dual Cool - Inverter 2.webp"",""/Hero Images/Product category pictures/LG Dual Cool - Inverter 3.webp"",""/Hero Images/Product category pictures/LG Dual Cool - Inverter 4.webp""]","match"
"0417fb6d-7c4d-42b3-b037-afd8272c6be5","LG Dual Cool - Inverter 9 000 BTU Heatpump Midwall - R410A","LG","[""/Hero Images/Product category pictures/LG Dual Cool - Inverter front.webp"",""/Hero Images/Product category pictures/LG Dual Cool - Inverter 2.webp"",""/Hero Images/Product category pictures/LG Dual Cool - Inverter 3.webp"",""/Hero Images/Product category pictures/LG Dual Cool - Inverter 4.webp""]","[""/Hero Images/Product category pictures/LG Dual Cool - Inverter front.webp"",""/Hero Images/Product category pictures/LG Dual Cool - Inverter 2.webp"",""/Hero Images/Product category pictures/LG Dual Cool - Inverter 3.webp"",""/Hero Images/Product category pictures/LG Dual Cool - Inverter 4.webp""]","match"
"69086311-4691-4c65-b04a-a15faba7c61a","LG Ducted Hide Away - Inverter 18 000 BTU Heat Pump Ducted Split - R410a","LG","[""/Hero Images/Product category pictures/LG Ducted Hide Away - Inverter.webp""]","[""/Hero Images/Product category pictures/LG Ducted Hide Away - Inverter.webp""]","match"
"938b50f9-7d36-444e-8467-76d3e60f347c","LG Ducted Hide Away - Inverter 24 000 BTU Heat Pump Ducted Split - R410a","LG","[""/Hero Images/Product category pictures/LG Ducted Hide Away - Inverter.webp""]","[""/Hero Images/Product category pictures/LG Ducted Hide Away - Inverter.webp""]","match"
"0e900b2f-ef34-4a4c-b299-31f0cd0e2601","LG Ducted Hide Away - Inverter 30 000 BTU Heat Pump Ducted Split - R410a","LG","[""/Hero Images/Product category pictures/LG Ducted Hide Away - Inverter.webp""]","[""/Hero Images/Product category pictures/LG Ducted Hide Away - Inverter.webp""]","match"
"80371375-edd0-41d2-9ea8-cdad1f9aa574","LG Ducted Hide Away - Inverter 36 000 BTU Heat Pump Ducted Split - R410a","LG","[""/Hero Images/Product category pictures/LG Ducted Hide Away - Inverter.webp""]","[""/Hero Images/Product category pictures/LG Ducted Hide Away - Inverter.webp""]","match"
"be04ed2a-e58e-4c53-8365-f185278b7996","LG Ducted Hide Away - Inverter 48 000 BTU Heat Pump Ducted Split - R410a","LG","[""/Hero Images/Product category pictures/LG Ducted Hide Away - Inverter.webp""]","[""/Hero Images/Product category pictures/LG Ducted Hide Away - Inverter.webp""]","match"
"62fc9060-e3be-404c-9870-c238d00f6bef","LG Ducted Hide Away - Inverter 60 000 BTU Heat Pump Ducted Split - R410a","LG","[""/Hero Images/Product category pictures/LG Ducted Hide Away - Inverter.webp""]","[""/Hero Images/Product category pictures/LG Ducted Hide Away - Inverter.webp""]","match"
"c5294845-b719-4efd-86f4-6190a303d3bb","LG Large Capacity Hide Away - Inverter 76 000 BTU Heat Pump Ducted Split - R410a","LG","[""/Hero Images/Product category pictures/LG Large Capacity Hide Away - Inverter.webp""]","[""/Hero Images/Product category pictures/LG Large Capacity Hide Away - Inverter.webp""]","match"
"ee510107-2f17-4711-9c44-6728b2efee72","LG Large Capacity Hide Away - Inverter 96 000 BTU Heat Pump Ducted Split - R410a","LG","[""/Hero Images/Product category pictures/LG Large Capacity Hide Away - Inverter.webp""]","[""/Hero Images/Product category pictures/LG Large Capacity Hide Away - Inverter.webp""]","match"
"60f96079-0aee-42fd-b841-9803fc5a5db1","LG Non-Inverter R410A - Non-Inverter 12 000 BTU Heatpump Midwall - R410A","LG","[""/Hero Images/Product category pictures/LG Non-Inverter R410A - Non-Inverter 1.webp"",""/Hero Images/Product category pictures/LG Non-Inverter R410A - Non-Inverter 2.webp"",""/Hero Images/Product category pictures/LG Non-Inverter R410A - Non-Inverter 3.webp"",""/Hero Images/Product category pictures/LG Non-Inverter R410A - Non-Inverter 4.webp"",""/Hero Images/Product category pictures/LG Non-Inverter R410A - Non-Inverter back.webp"",""/Hero Images/Product category pictures/LG Non-Inverter R410A - Non-Inverter side front.webp""]","[""/Hero Images/Product category pictures/LG Non-Inverter R410A - Non-Inverter 1.webp"",""/Hero Images/Product category pictures/LG Non-Inverter R410A - Non-Inverter 2.webp"",""/Hero Images/Product category pictures/LG Non-Inverter R410A - Non-Inverter 3.webp"",""/Hero Images/Product category pictures/LG Non-Inverter R410A - Non-Inverter 4.webp"",""/Hero Images/Product category pictures/LG Non-Inverter R410A - Non-Inverter back.webp"",""/Hero Images/Product category pictures/LG Non-Inverter R410A - Non-Inverter side front.webp""]","match"
"14bdc2bf-0195-461f-8f79-3a473a3cec03","LG Non-Inverter R410A - Non-Inverter 18 000 BTU Heatpump Midwall - R410A","LG","[""/Hero Images/Product category pictures/LG Non-Inverter R410A - Non-Inverter 1.webp"",""/Hero Images/Product category pictures/LG Non-Inverter R410A - Non-Inverter 2.webp"",""/Hero Images/Product category pictures/LG Non-Inverter R410A - Non-Inverter 3.webp"",""/Hero Images/Product category pictures/LG Non-Inverter R410A - Non-Inverter 4.webp"",""/Hero Images/Product category pictures/LG Non-Inverter R410A - Non-Inverter back.webp"",""/Hero Images/Product category pictures/LG Non-Inverter R410A - Non-Inverter side front.webp""]","[""/Hero Images/Product category pictures/LG Non-Inverter R410A - Non-Inverter 1.webp"",""/Hero Images/Product category pictures/LG Non-Inverter R410A - Non-Inverter 2.webp"",""/Hero Images/Product category pictures/LG Non-Inverter R410A - Non-Inverter 3.webp"",""/Hero Images/Product category pictures/LG Non-Inverter R410A - Non-Inverter 4.webp"",""/Hero Images/Product category pictures/LG Non-Inverter R410A - Non-Inverter back.webp"",""/Hero Images/Product category pictures/LG Non-Inverter R410A - Non-Inverter side front.webp""]","match"
"a4f9b6ad-5646-40f2-9aea-18124a629cac","LG Non-Inverter R410A - Non-Inverter 24 000 BTU Heatpump Midwall - R410A","LG","[""/Hero Images/Product category pictures/LG Non-Inverter R410A - Non-Inverter 1.webp"",""/Hero Images/Product category pictures/LG Non-Inverter R410A - Non-Inverter 2.webp"",""/Hero Images/Product category pictures/LG Non-Inverter R410A - Non-Inverter 3.webp"",""/Hero Images/Product category pictures/LG Non-Inverter R410A - Non-Inverter 4.webp"",""/Hero Images/Product category pictures/LG Non-Inverter R410A - Non-Inverter back.webp"",""/Hero Images/Product category pictures/LG Non-Inverter R410A - Non-Inverter side front.webp""]","[""/Hero Images/Product category pictures/LG Non-Inverter R410A - Non-Inverter 1.webp"",""/Hero Images/Product category pictures/LG Non-Inverter R410A - Non-Inverter 2.webp"",""/Hero Images/Product category pictures/LG Non-Inverter R410A - Non-Inverter 3.webp"",""/Hero Images/Product category pictures/LG Non-Inverter R410A - Non-Inverter 4.webp"",""/Hero Images/Product category pictures/LG Non-Inverter R410A - Non-Inverter back.webp"",""/Hero Images/Product category pictures/LG Non-Inverter R410A - Non-Inverter side front.webp""]","match"
"c47cf785-71c4-4c44-b2a1-37255aa35929","LG Non-Inverter R410A - Non-Inverter 9 000 BTU Heatpump Midwall - R410A","LG","[""/Hero Images/Product category pictures/LG Non-Inverter R410A - Non-Inverter 1.webp"",""/Hero Images/Product category pictures/LG Non-Inverter R410A - Non-Inverter 2.webp"",""/Hero Images/Product category pictures/LG Non-Inverter R410A - Non-Inverter 3.webp"",""/Hero Images/Product category pictures/LG Non-Inverter R410A - Non-Inverter 4.webp"",""/Hero Images/Product category pictures/LG Non-Inverter R410A - Non-Inverter back.webp"",""/Hero Images/Product category pictures/LG Non-Inverter R410A - Non-Inverter side front.webp""]","[""/Hero Images/Product category pictures/LG Non-Inverter R410A - Non-Inverter 1.webp"",""/Hero Images/Product category pictures/LG Non-Inverter R410A - Non-Inverter 2.webp"",""/Hero Images/Product category pictures/LG Non-Inverter R410A - Non-Inverter 3.webp"",""/Hero Images/Product category pictures/LG Non-Inverter R410A - Non-Inverter 4.webp"",""/Hero Images/Product category pictures/LG Non-Inverter R410A - Non-Inverter back.webp"",""/Hero Images/Product category pictures/LG Non-Inverter R410A - Non-Inverter side front.webp""]","match"
"e305546c-bc9d-421f-9c90-d42a32a7b092","LG Rooftop Package - Inverter 240 000 BTU Package Unit (70Kw)","LG","[""/Hero Images/Product category pictures/LG Rooftop Package - Inverter.webp""]","[""/Hero Images/Product category pictures/LG Rooftop Package - Inverter.webp""]","match"
"6bac41a8-0b76-4d67-8aa5-5e8d07e54e0d","LG Rooftop Package - Inverter 276 000 BTU Package Unit (80Kw)","LG","[""/Hero Images/Product category pictures/LG Rooftop Package - Inverter.webp""]","[""/Hero Images/Product category pictures/LG Rooftop Package - Inverter.webp""]","match"
"1a523681-def8-4778-a8ea-c101910f35eb","LG Round Flow Cassette - Inverter 36 000 BTU Cassette (Round Flow)","LG","[""/Hero Images/Product category pictures/LG Round Flow Cassette - Inverter.webp""]","[""/Hero Images/Product category pictures/LG Round Flow Cassette - Inverter.webp""]","match"
"76cde610-2580-4174-babf-3fcf7c318d35","LG Round Flow Cassette - Inverter 48 000 BTU Cassette (Round Flow)","LG","[""/Hero Images/Product category pictures/LG Round Flow Cassette - Inverter.webp""]","[""/Hero Images/Product category pictures/LG Round Flow Cassette - Inverter.webp""]","match"
"2a312796-6b2c-4356-b26d-87c2df9ef2ae","LG Under Ceiling - Inverter 48 000 BTU Inverter Under Ceiling - R410a","LG","[""/Hero Images/Product category pictures/LG Under Ceiling - Inverter.webp""]","[""/Hero Images/Product category pictures/LG Non-Inverter R410A - Non-Inverter 1.webp"",""/Hero Images/Product category pictures/LG Non-Inverter R410A - Non-Inverter 2.webp"",""/Hero Images/Product category pictures/LG Non-Inverter R410A - Non-Inverter 3.webp"",""/Hero Images/Product category pictures/LG Non-Inverter R410A - Non-Inverter 4.webp"",""/Hero Images/Product category pictures/LG Non-Inverter R410A - Non-Inverter back.webp"",""/Hero Images/Product category pictures/LG Non-Inverter R410A - Non-Inverter side front.webp""]","conflict"
"618eacee-1af7-4710-aa11-d2cd1082130e","LG Under Ceiling - Inverter 60 000 BTU Inverter Under Ceiling - R410a","LG","[""/Hero Images/Product category pictures/LG Under Ceiling - Inverter.webp""]","[""/Hero Images/Product category pictures/LG Non-Inverter R410A - Non-Inverter 1.webp"",""/Hero Images/Product category pictures/LG Non-Inverter R410A - Non-Inverter 2.webp"",""/Hero Images/Product category pictures/LG Non-Inverter R410A - Non-Inverter 3.webp"",""/Hero Images/Product category pictures/LG Non-Inverter R410A - Non-Inverter 4.webp"",""/Hero Images/Product category pictures/LG Non-Inverter R410A - Non-Inverter back.webp"",""/Hero Images/Product category pictures/LG Non-Inverter R410A - Non-Inverter side front.webp""]","conflict"
"5a0222eb-4bbc-41e1-8e88-bf7e165f6946","Midea Midea Portable Cooling Only 9 000 BTU","Midea","[""/Hero Images/Product category pictures/Samsung AR80 WindFree front.webp""]","[]","unresolved"
"a41b36f1-f151-44fc-ac90-fd55b1a2966c","Samsung 1-Way Cassette WindFree 2.6kW","Samsung","[""/Hero Images/Product category pictures/Samsung 1-Way Cassette WindFree front.webp"",""/Hero Images/Product category pictures/Samsung 1-Way Cassette WindFree 1.webp""]","[""/Hero Images/Product category pictures/Samsung 1-Way Cassette WindFree front.webp"",""/Hero Images/Product category pictures/Samsung 1-Way Cassette WindFree 1.webp""]","match"
"17f3d8d5-5fa1-4756-bec2-47354b413d27","Samsung 1-Way Cassette WindFree 3.5kW","Samsung","[""/Hero Images/Product category pictures/Samsung 1-Way Cassette WindFree front.webp"",""/Hero Images/Product category pictures/Samsung 1-Way Cassette WindFree 1.webp""]","[""/Hero Images/Product category pictures/Samsung 1-Way Cassette WindFree front.webp"",""/Hero Images/Product category pictures/Samsung 1-Way Cassette WindFree 1.webp""]","match"
"6b4a3f76-f823-493e-a67b-ea60a0488e5d","Samsung 360 Cassette 10kW","Samsung","[""/Hero Images/Product category pictures/Samsung 360 Cassette.webp""]","[""/Hero Images/Product category pictures/Samsung 360 Cassette.webp""]","match"
"d53716c8-6dbc-4633-bf65-34bf76bdc5d2","Samsung 360 Cassette 14kW","Samsung","[""/Hero Images/Product category pictures/Samsung 360 Cassette.webp""]","[""/Hero Images/Product category pictures/Samsung 360 Cassette.webp""]","match"
"9d79b2a4-8bb2-4cd6-8848-938ec0116ed1","Samsung 360 Cassette 7.1kW","Samsung","[""/Hero Images/Product category pictures/Samsung 360 Cassette.webp""]","[""/Hero Images/Product category pictures/Samsung 360 Cassette.webp""]","match"
"17f9ef5c-8301-40f6-9ed8-442ddfd4bf1a","Samsung 4-Way Cassette WindFree 840x840 10kW","Samsung","[""/Hero Images/Product category pictures/Samsung 4-Way Mini Cassette WindFree front.webp"",""/Hero Images/Product category pictures/Samsung 4-Way Mini Cassette WindFree front  corner.webp""]","[""/Hero Images/Product category pictures/Samsung 4-Way Mini Cassette WindFree front.webp"",""/Hero Images/Product category pictures/Samsung 4-Way Mini Cassette WindFree front  corner.webp""]","match"
"d0ab8b83-1a03-4692-b338-4596a5b50361","Samsung 4-Way Cassette WindFree 840x840 14kW","Samsung","[""/Hero Images/Product category pictures/Samsung 4-Way Mini Cassette WindFree front.webp"",""/Hero Images/Product category pictures/Samsung 4-Way Mini Cassette WindFree front  corner.webp""]","[""/Hero Images/Product category pictures/Samsung 4-Way Mini Cassette WindFree front.webp"",""/Hero Images/Product category pictures/Samsung 4-Way Mini Cassette WindFree front  corner.webp""]","match"
"8d5a2dde-47eb-4292-8839-eb00bbdd4d8a","Samsung 4-Way Cassette WindFree 840x840 5.2kW","Samsung","[""/Hero Images/Product category pictures/Samsung 4-Way Mini Cassette WindFree front.webp"",""/Hero Images/Product category pictures/Samsung 4-Way Mini Cassette WindFree front  corner.webp""]","[""/Hero Images/Product category pictures/Samsung 4-Way Mini Cassette WindFree front.webp"",""/Hero Images/Product category pictures/Samsung 4-Way Mini Cassette WindFree front  corner.webp""]","match"
"32200094-36c0-4734-9713-3e3cb9be48be","Samsung 4-Way Cassette WindFree 840x840 7.1kW","Samsung","[""/Hero Images/Product category pictures/Samsung 4-Way Mini Cassette WindFree front.webp"",""/Hero Images/Product category pictures/Samsung 4-Way Mini Cassette WindFree front  corner.webp""]","[""/Hero Images/Product category pictures/Samsung 4-Way Mini Cassette WindFree front.webp"",""/Hero Images/Product category pictures/Samsung 4-Way Mini Cassette WindFree front  corner.webp""]","match"
"e1a058f5-4377-4697-b2df-d1c4ef1f127f","Samsung 4-Way Mini Cassette WindFree 600x600 2.6kW","Samsung","[""/Hero Images/Product category pictures/Samsung 4-Way Mini Cassette WindFree front.webp"",""/Hero Images/Product category pictures/Samsung 4-Way Mini Cassette WindFree front  corner.webp""]","[""/Hero Images/Product category pictures/Samsung 4-Way Mini Cassette WindFree front.webp"",""/Hero Images/Product category pictures/Samsung 4-Way Mini Cassette WindFree front  corner.webp""]","match"
"c5aeb706-0beb-49b7-bad4-d7e23a30af65","Samsung 4-Way Mini Cassette WindFree 600x600 3.5kW","Samsung","[""/Hero Images/Product category pictures/Samsung 4-Way Mini Cassette WindFree front.webp"",""/Hero Images/Product category pictures/Samsung 4-Way Mini Cassette WindFree front  corner.webp""]","[""/Hero Images/Product category pictures/Samsung 4-Way Mini Cassette WindFree front.webp"",""/Hero Images/Product category pictures/Samsung 4-Way Mini Cassette WindFree front  corner.webp""]","match"
"388775a0-a208-4a53-a39e-e895cdb4cd48","Samsung 4-Way Mini Cassette WindFree 600x600 5.2kW","Samsung","[""/Hero Images/Product category pictures/Samsung 4-Way Mini Cassette WindFree front.webp"",""/Hero Images/Product category pictures/Samsung 4-Way Mini Cassette WindFree front  corner.webp""]","[""/Hero Images/Product category pictures/Samsung 4-Way Mini Cassette WindFree front.webp"",""/Hero Images/Product category pictures/Samsung 4-Way Mini Cassette WindFree front  corner.webp""]","match"
"e84ca356-d402-4f9d-b2bb-f6d28e5d2b8f","Samsung 4-Way Mini Cassette WindFree 600x600 7.1kW","Samsung","[""/Hero Images/Product category pictures/Samsung 4-Way Mini Cassette WindFree front.webp"",""/Hero Images/Product category pictures/Samsung 4-Way Mini Cassette WindFree front  corner.webp""]","[""/Hero Images/Product category pictures/Samsung 4-Way Mini Cassette WindFree front.webp"",""/Hero Images/Product category pictures/Samsung 4-Way Mini Cassette WindFree front  corner.webp""]","match"
"d6beb192-ab3b-41ee-977c-a92132e56206","Samsung 4-Way WindFree Cassette 16KW 840x840 16kW","Samsung","[""/Hero Images/Product category pictures/Samsung 4-Way Mini Cassette WindFree front.webp"",""/Hero Images/Product category pictures/Samsung 4-Way Mini Cassette WindFree front  corner.webp""]","[""/Hero Images/Product category pictures/Samsung 4-Way Mini Cassette WindFree front.webp"",""/Hero Images/Product category pictures/Samsung 4-Way Mini Cassette WindFree front  corner.webp""]","match"
"ad0b106b-1c78-466e-bff0-6860c76d9a04","Samsung 9000BTU Complete Package","Samsung","[""/Hero Images/Featured In section/AR80 Wall-mount AC with Windfree™ and AI technology.png""]","[""/Hero Images/Product category pictures/Samsung AR80 WindFree front.webp"",""/Hero Images/Product category pictures/Samsung AR80 WindFree open.webp"",""/Hero Images/Product category pictures/Samsung AR80 WindFree condenser front.webp""]","conflict"
"9004c201-78ba-4f92-a1a2-2233348714f0","Samsung 9000BTU Inverter Split Wall Unit","Samsung","[""/Hero Images/Featured In section/AR80 Wall-mount AC with Windfree™ and AI technology.png"",""/Hero Images/Featured In section/AR80 Wall-mount AC with Windfree™ and AI technology.png""]","[""/Hero Images/Product category pictures/Samsung AR80 WindFree front.webp"",""/Hero Images/Product category pictures/Samsung AR80 WindFree open.webp"",""/Hero Images/Product category pictures/Samsung AR80 WindFree condenser front.webp""]","conflict"
"c41e8be4-f100-4ace-ba24-6b6b9f3a0643","Samsung AR3000 Non-Inverter 12000 BTU","Samsung","[""/Hero Images/Product category pictures/Samsung AR3000.webp"",""/Hero Images/Product category pictures/Samsung AR3000 open.webp"",""/Hero Images/Product category pictures/Samsung AR3000 side.webp""]","[""/Hero Images/Product category pictures/Samsung AR3000.webp"",""/Hero Images/Product category pictures/Samsung AR3000 open.webp"",""/Hero Images/Product category pictures/Samsung AR3000 side.webp""]","match"
"b60fb1e1-a350-41de-bb33-756096c8700e","Samsung AR3000 Non-Inverter 18000 BTU","Samsung","[""/Hero Images/Product category pictures/Samsung AR3000.webp"",""/Hero Images/Product category pictures/Samsung AR3000 open.webp"",""/Hero Images/Product category pictures/Samsung AR3000 side.webp""]","[""/Hero Images/Product category pictures/Samsung AR3000.webp"",""/Hero Images/Product category pictures/Samsung AR3000 open.webp"",""/Hero Images/Product category pictures/Samsung AR3000 side.webp""]","match"
"0877cf5e-b1e0-4655-887b-ce6115d468b8","Samsung AR3000 Non-Inverter 24000 BTU","Samsung","[""/Hero Images/Product category pictures/Samsung AR3000.webp"",""/Hero Images/Product category pictures/Samsung AR3000 open.webp"",""/Hero Images/Product category pictures/Samsung AR3000 side.webp""]","[""/Hero Images/Product category pictures/Samsung AR3000.webp"",""/Hero Images/Product category pictures/Samsung AR3000 open.webp"",""/Hero Images/Product category pictures/Samsung AR3000 side.webp""]","match"
"b91bbd21-6c62-4424-94cf-bf6513a8c3bf","Samsung AR3000 Non-Inverter 9000 BTU","Samsung","[""/Hero Images/Product category pictures/Samsung AR3000.webp"",""/Hero Images/Product category pictures/Samsung AR3000 open.webp"",""/Hero Images/Product category pictures/Samsung AR3000 side.webp""]","[""/Hero Images/Product category pictures/Samsung AR3000.webp"",""/Hero Images/Product category pictures/Samsung AR3000 open.webp"",""/Hero Images/Product category pictures/Samsung AR3000 side.webp""]","match"
"d5027570-42e4-489d-9e60-a39c98ce7448","Samsung AR40 Inverter 12000 BTU","Samsung","[""/Hero Images/Product category pictures/Samsung AR40.webp"",""/Hero Images/Product category pictures/Samsung AR40 open.webp"",""/Hero Images/Product category pictures/Samsung AR40 side.webp""]","[""/Hero Images/Product category pictures/Samsung AR40.webp"",""/Hero Images/Product category pictures/Samsung AR40 open.webp"",""/Hero Images/Product category pictures/Samsung AR40 side.webp""]","match"
"3c167797-ee3d-4899-a7de-fede08d0c8bd","Samsung AR40 Inverter 18000 BTU","Samsung","[""/Hero Images/Product category pictures/Samsung AR40.webp"",""/Hero Images/Product category pictures/Samsung AR40 open.webp"",""/Hero Images/Product category pictures/Samsung AR40 side.webp""]","[""/Hero Images/Product category pictures/Samsung AR40.webp"",""/Hero Images/Product category pictures/Samsung AR40 open.webp"",""/Hero Images/Product category pictures/Samsung AR40 side.webp""]","match"
"052c1ebd-02c2-4352-9177-62f999c2f078","Samsung AR40 Inverter 24000 BTU","Samsung","[""/Hero Images/Product category pictures/Samsung AR40.webp"",""/Hero Images/Product category pictures/Samsung AR40 open.webp"",""/Hero Images/Product category pictures/Samsung AR40 side.webp""]","[""/Hero Images/Product category pictures/Samsung AR40.webp"",""/Hero Images/Product category pictures/Samsung AR40 open.webp"",""/Hero Images/Product category pictures/Samsung AR40 side.webp""]","match"
"2be7ff77-773d-4818-b8f0-d3e9bd10e2c0","Samsung AR40 Inverter 9000 BTU","Samsung","[""/Hero Images/Product category pictures/Samsung AR40.webp"",""/Hero Images/Product category pictures/Samsung AR40 open.webp"",""/Hero Images/Product category pictures/Samsung AR40 side.webp""]","[""/Hero Images/Product category pictures/Samsung AR40.webp"",""/Hero Images/Product category pictures/Samsung AR40 open.webp"",""/Hero Images/Product category pictures/Samsung AR40 side.webp""]","match"
"d38a5c42-e4cf-4262-9b7b-632b9d0c6a5c","Samsung AR4500 Inverter 18000 BTU","Samsung","[""/Hero Images/Product category pictures/Samsung AR4500 Inverter close.webp"",""/Hero Images/Product category pictures/Samsung AR4500 Inverter close (2).webp"",""/Hero Images/Product category pictures/Samsung AR4500 Inverter side.webp""]","[""/Hero Images/Product category pictures/Samsung AR4500 Inverter close.webp"",""/Hero Images/Product category pictures/Samsung AR4500 Inverter close (2).webp"",""/Hero Images/Product category pictures/Samsung AR4500 Inverter side.webp""]","match"
"9b4cfe10-63fe-4e5a-b937-78bf711a87f2","Samsung AR4500 Inverter 24000 BTU","Samsung","[""/Hero Images/Product category pictures/Samsung AR4500 Inverter close.webp"",""/Hero Images/Product category pictures/Samsung AR4500 Inverter close (2).webp"",""/Hero Images/Product category pictures/Samsung AR4500 Inverter side.webp""]","[""/Hero Images/Product category pictures/Samsung AR4500 Inverter close.webp"",""/Hero Images/Product category pictures/Samsung AR4500 Inverter close (2).webp"",""/Hero Images/Product category pictures/Samsung AR4500 Inverter side.webp""]","match"
"01b022ba-fae8-4a33-8ba1-5b7709f30d33","Samsung AR4500 Inverter 9000 BTU","Samsung","[""/Hero Images/Product category pictures/Samsung AR4500 Inverter close.webp"",""/Hero Images/Product category pictures/Samsung AR4500 Inverter close (2).webp"",""/Hero Images/Product category pictures/Samsung AR4500 Inverter side.webp""]","[""/Hero Images/Product category pictures/Samsung AR4500 Inverter close.webp"",""/Hero Images/Product category pictures/Samsung AR4500 Inverter close (2).webp"",""/Hero Images/Product category pictures/Samsung AR4500 Inverter side.webp""]","match"
"ddc5dc03-53e0-4b4f-9070-61126d8b62d6","Samsung AR6500 WindFree 12000 BTU","Samsung","[""/Hero Images/Product category pictures/Samsung AR6500 WindFree.webp"",""/Hero Images/Product category pictures/Samsung AR6500 front half.webp"",""/Hero Images/Product category pictures/Samsung AR6500 outdoor.webp""]","[""/Hero Images/Product category pictures/Samsung AR6500 WindFree.webp"",""/Hero Images/Product category pictures/Samsung AR6500 front half.webp"",""/Hero Images/Product category pictures/Samsung AR6500 outdoor.webp""]","match"
"c780c78c-ec9a-4f86-b0d6-687f1526cd3b","Samsung AR6500 WindFree 18000 BTU","Samsung","[""/Hero Images/Product category pictures/Samsung AR6500 WindFree.webp"",""/Hero Images/Product category pictures/Samsung AR6500 front half.webp"",""/Hero Images/Product category pictures/Samsung AR6500 outdoor.webp""]","[""/Hero Images/Product category pictures/Samsung AR6500 WindFree.webp"",""/Hero Images/Product category pictures/Samsung AR6500 front half.webp"",""/Hero Images/Product category pictures/Samsung AR6500 outdoor.webp""]","match"
"39bc72fe-db0a-4e17-81a0-9d4b1df2d7a4","Samsung AR6500 WindFree 24000 BTU","Samsung","[""/Hero Images/Product category pictures/Samsung AR6500 WindFree.webp"",""/Hero Images/Product category pictures/Samsung AR6500 front half.webp"",""/Hero Images/Product category pictures/Samsung AR6500 outdoor.webp""]","[""/Hero Images/Product category pictures/Samsung AR6500 WindFree.webp"",""/Hero Images/Product category pictures/Samsung AR6500 front half.webp"",""/Hero Images/Product category pictures/Samsung AR6500 outdoor.webp""]","match"
"70450e06-ee20-43b2-9d28-d7a72b34b1ba","Samsung AR6500 WindFree 9000 BTU","Samsung","[""/Hero Images/Product category pictures/Samsung AR6500 WindFree.webp"",""/Hero Images/Product category pictures/Samsung AR6500 front half.webp"",""/Hero Images/Product category pictures/Samsung AR6500 outdoor.webp""]","[""/Hero Images/Product category pictures/Samsung AR6500 WindFree.webp"",""/Hero Images/Product category pictures/Samsung AR6500 front half.webp"",""/Hero Images/Product category pictures/Samsung AR6500 outdoor.webp""]","match"
"b199d691-027b-4659-8ec1-005830a16483","Samsung AR70 WindFree 12000 BTU","Samsung","[""/Hero Images/Product category pictures/Wall mount AC AR70 Bespoke AI WindFree front.webp"",""/Hero Images/Product category pictures/Wall mount AC AR70 Bespoke AI WindFree  on top.webp"",""/Hero Images/Product category pictures/Wall mount AC AR70 Bespoke AI WindFree condenser.webp"",""/Hero Images/Product category pictures/Wall mount AC AR70 Bespoke AI WindFree  remote.webp""]","[""/Hero Images/Product category pictures/Wall mount AC AR70 Bespoke AI WindFree front.webp"",""/Hero Images/Product category pictures/Wall mount AC AR70 Bespoke AI WindFree  on top.webp"",""/Hero Images/Product category pictures/Wall mount AC AR70 Bespoke AI WindFree condenser.webp"",""/Hero Images/Product category pictures/Wall mount AC AR70 Bespoke AI WindFree  remote.webp""]","match"
"910583cc-e88c-48ac-bf3c-2fab23971698","Samsung AR70 WindFree 18000 BTU","Samsung","[""/Hero Images/Product category pictures/Wall mount AC AR70 Bespoke AI WindFree front.webp"",""/Hero Images/Product category pictures/Wall mount AC AR70 Bespoke AI WindFree  on top.webp"",""/Hero Images/Product category pictures/Wall mount AC AR70 Bespoke AI WindFree condenser.webp"",""/Hero Images/Product category pictures/Wall mount AC AR70 Bespoke AI WindFree  remote.webp""]","[""/Hero Images/Product category pictures/Wall mount AC AR70 Bespoke AI WindFree front.webp"",""/Hero Images/Product category pictures/Wall mount AC AR70 Bespoke AI WindFree  on top.webp"",""/Hero Images/Product category pictures/Wall mount AC AR70 Bespoke AI WindFree condenser.webp"",""/Hero Images/Product category pictures/Wall mount AC AR70 Bespoke AI WindFree  remote.webp""]","match"
"9cc56210-c12d-4a09-b077-15157541fb9c","Samsung AR70 WindFree 24000 BTU","Samsung","[""/Hero Images/Product category pictures/Wall mount AC AR70 Bespoke AI WindFree front.webp"",""/Hero Images/Product category pictures/Wall mount AC AR70 Bespoke AI WindFree  on top.webp"",""/Hero Images/Product category pictures/Wall mount AC AR70 Bespoke AI WindFree condenser.webp"",""/Hero Images/Product category pictures/Wall mount AC AR70 Bespoke AI WindFree  remote.webp""]","[""/Hero Images/Product category pictures/Wall mount AC AR70 Bespoke AI WindFree front.webp"",""/Hero Images/Product category pictures/Wall mount AC AR70 Bespoke AI WindFree  on top.webp"",""/Hero Images/Product category pictures/Wall mount AC AR70 Bespoke AI WindFree condenser.webp"",""/Hero Images/Product category pictures/Wall mount AC AR70 Bespoke AI WindFree  remote.webp""]","match"
"5025cb91-9819-413e-8bf5-4752bdd93be0","Samsung AR70 WindFree 9000 BTU","Samsung","[""/Hero Images/Product category pictures/Wall mount AC AR70 Bespoke AI WindFree front.webp"",""/Hero Images/Product category pictures/Wall mount AC AR70 Bespoke AI WindFree  on top.webp"",""/Hero Images/Product category pictures/Wall mount AC AR70 Bespoke AI WindFree condenser.webp"",""/Hero Images/Product category pictures/Wall mount AC AR70 Bespoke AI WindFree  remote.webp""]","[""/Hero Images/Product category pictures/Wall mount AC AR70 Bespoke AI WindFree front.webp"",""/Hero Images/Product category pictures/Wall mount AC AR70 Bespoke AI WindFree  on top.webp"",""/Hero Images/Product category pictures/Wall mount AC AR70 Bespoke AI WindFree condenser.webp"",""/Hero Images/Product category pictures/Wall mount AC AR70 Bespoke AI WindFree  remote.webp""]","match"
"4cb99673-bc0f-4644-b50a-adfa29ad4a25","Samsung AR80 WindFree 12000 BTU","Samsung","[""/Hero Images/Product category pictures/Samsung AR80 WindFree front.webp"",""/Hero Images/Product category pictures/Samsung AR80 WindFree open.webp"",""/Hero Images/Product category pictures/Samsung AR80 WindFree condenser front.webp"",""/Hero Images/Product category pictures/Samsung AR80 WindFree condenser back.webp"",""/Hero Images/Product category pictures/Samsung AR80 WindFree Remote.webp""]","[""/Hero Images/Product category pictures/Samsung AR80 WindFree front.webp"",""/Hero Images/Product category pictures/Samsung AR80 WindFree open.webp"",""/Hero Images/Product category pictures/Samsung AR80 WindFree condenser front.webp"",""/Hero Images/Product category pictures/Samsung AR80 WindFree condenser back.webp"",""/Hero Images/Product category pictures/Samsung AR80 WindFree Remote.webp""]","match"
"5f6d971b-59c8-40ba-9e51-18def21180d6","Samsung AR80 WindFree 18000 BTU","Samsung","[""/Hero Images/Product category pictures/Samsung AR80 WindFree front.webp"",""/Hero Images/Product category pictures/Samsung AR80 WindFree open.webp"",""/Hero Images/Product category pictures/Samsung AR80 WindFree condenser front.webp"",""/Hero Images/Product category pictures/Samsung AR80 WindFree condenser back.webp"",""/Hero Images/Product category pictures/Samsung AR80 WindFree Remote.webp""]","[""/Hero Images/Product category pictures/Samsung AR80 WindFree front.webp"",""/Hero Images/Product category pictures/Samsung AR80 WindFree open.webp"",""/Hero Images/Product category pictures/Samsung AR80 WindFree condenser front.webp"",""/Hero Images/Product category pictures/Samsung AR80 WindFree condenser back.webp"",""/Hero Images/Product category pictures/Samsung AR80 WindFree Remote.webp""]","match"
"2720bef1-ea4c-4a32-b859-c8fd9f782c40","Samsung AR80 WindFree 24000 BTU","Samsung","[""/Hero Images/Product category pictures/Samsung AR80 WindFree front.webp"",""/Hero Images/Product category pictures/Samsung AR80 WindFree open.webp"",""/Hero Images/Product category pictures/Samsung AR80 WindFree condenser front.webp"",""/Hero Images/Product category pictures/Samsung AR80 WindFree condenser back.webp"",""/Hero Images/Product category pictures/Samsung AR80 WindFree Remote.webp""]","[""/Hero Images/Product category pictures/Samsung AR80 WindFree front.webp"",""/Hero Images/Product category pictures/Samsung AR80 WindFree open.webp"",""/Hero Images/Product category pictures/Samsung AR80 WindFree condenser front.webp"",""/Hero Images/Product category pictures/Samsung AR80 WindFree condenser back.webp"",""/Hero Images/Product category pictures/Samsung AR80 WindFree Remote.webp""]","match"
"5dccef1d-5c1f-4805-b057-3afad7aaddeb","Samsung AR8500 WindFree 18000 BTU","Samsung","[""/Hero Images/Product category pictures/Samsung AR8500 WindFree Front.webp"",""/Hero Images/Product category pictures/Samsung AR8500 WindFree condesnser.webp"",""/Hero Images/Product category pictures/Samsung AR8500 remote.webp""]","[""/Hero Images/Product category pictures/Samsung AR8500 WindFree Front.webp"",""/Hero Images/Product category pictures/Samsung AR8500 WindFree condesnser.webp"",""/Hero Images/Product category pictures/Samsung AR8500 remote.webp""]","match"
"9cf02c8e-4280-4660-b57b-2980116bc4e7","Samsung AR9500 2.0 WindFree 18000 BTU","Samsung","[""/Hero Images/Product category pictures/Samsung AR9500 2.0 WindFree open (1).webp"",""/Hero Images/Product category pictures/Samsung AR9500 2.0 WindFree Remote.webp""]","[""/Hero Images/Product category pictures/Samsung AR9500 2.0 WindFree open (1).webp"",""/Hero Images/Product category pictures/Samsung AR9500 2.0 WindFree Remote.webp""]","match"
"a71392d5-8f7e-4416-bd3e-0d7731f9fb8d","Samsung AR9500 2.0 WindFree 24000 BTU","Samsung","[""/Hero Images/Product category pictures/Samsung AR9500 2.0 WindFree open (1).webp"",""/Hero Images/Product category pictures/Samsung AR9500 2.0 WindFree Remote.webp""]","[""/Hero Images/Product category pictures/Samsung AR9500 2.0 WindFree open (1).webp"",""/Hero Images/Product category pictures/Samsung AR9500 2.0 WindFree Remote.webp""]","match"
"716fc10e-8440-430c-908e-05db27a96344","Samsung Commercial Wall-Mount MAX R32 36000 BTU","Samsung","[""/Hero Images/Product category pictures/Samsung Commercial Wall-Mount WindFree.webp""]","[""/Hero Images/Product category pictures/Samsung Commercial Wall-Mount WindFree.webp""]","match"
"91df180e-78ce-4f84-829d-b298d8126dbc","Samsung Commercial Wall-Mount WindFree R32 12000 BTU","Samsung","[""/Hero Images/Product category pictures/Samsung Commercial Wall-Mount WindFree.webp""]","[""/Hero Images/Product category pictures/Samsung Commercial Wall-Mount WindFree.webp""]","match"
"659558b1-9a51-40bd-b387-4787c544a3e3","Samsung Commercial Wall-Mount WindFree R32 18000 BTU","Samsung","[""/Hero Images/Product category pictures/Samsung Commercial Wall-Mount WindFree.webp""]","[""/Hero Images/Product category pictures/Samsung Commercial Wall-Mount WindFree.webp""]","match"
"4d3d6c7c-b3f2-4dc6-b54a-0a8b0740346f","Samsung Commercial Wall-Mount WindFree R32 24000 BTU","Samsung","[""/Hero Images/Product category pictures/Samsung Commercial Wall-Mount WindFree.webp""]","[""/Hero Images/Product category pictures/Samsung Commercial Wall-Mount WindFree.webp""]","match"
"a78b5ea3-db8d-4e50-90a0-2a21b20daf77","Samsung Commercial Wall-Mount WindFree R32 9000 BTU","Samsung","[""/Hero Images/Product category pictures/Samsung Commercial Wall-Mount WindFree.webp""]","[""/Hero Images/Product category pictures/Samsung Commercial Wall-Mount WindFree.webp""]","match"
"c8562557-af8a-4488-88c3-f9b60d1ebf40","Samsung HSP Duct 18kW","Samsung","[""/Hero Images/Product category pictures/Samsung AR80 WindFree front.webp"",""/Hero Images/Product category pictures/Samsung AR80 WindFree open.webp"",""/Hero Images/Product category pictures/Samsung AR80 WindFree condenser front.webp""]","[]","unresolved"
"6d0a2531-9206-40d0-9dcc-2c40ba1b848a","Samsung HSP Duct 20kW","Samsung","[""/Hero Images/Product category pictures/Samsung AR80 WindFree front.webp"",""/Hero Images/Product category pictures/Samsung AR80 WindFree open.webp"",""/Hero Images/Product category pictures/Samsung AR80 WindFree condenser front.webp""]","[]","unresolved"
"be9df4e7-5658-4b6b-b1c4-58cc56b24f22","Samsung HSP Duct 25kW","Samsung","[""/Hero Images/Product category pictures/Samsung AR80 WindFree front.webp"",""/Hero Images/Product category pictures/Samsung AR80 WindFree open.webp"",""/Hero Images/Product category pictures/Samsung AR80 WindFree condenser front.webp""]","[]","unresolved"
"4c1911c1-64ce-4474-974f-19fe39cd4d77","Samsung MSP Duct 10kW","Samsung","[""/Hero Images/Product category pictures/Samsung MSP Duct front.webp"",""/Hero Images/Product category pictures/Samsung MSP Duct front side.webp"",""/Hero Images/Product category pictures/Samsung MSP Duct front side (2).webp""]","[""/Hero Images/Product category pictures/Samsung MSP Duct front.webp"",""/Hero Images/Product category pictures/Samsung MSP Duct front side.webp"",""/Hero Images/Product category pictures/Samsung MSP Duct front side (2).webp""]","match"
"9162570f-ae17-42f6-b0cf-b9398ecb6d36","Samsung MSP Duct 14kW","Samsung","[""/Hero Images/Product category pictures/Samsung MSP Duct front.webp"",""/Hero Images/Product category pictures/Samsung MSP Duct front side.webp"",""/Hero Images/Product category pictures/Samsung MSP Duct front side (2).webp""]","[""/Hero Images/Product category pictures/Samsung MSP Duct front.webp"",""/Hero Images/Product category pictures/Samsung MSP Duct front side.webp"",""/Hero Images/Product category pictures/Samsung MSP Duct front side (2).webp""]","match"
"164afa7a-11f3-4225-8681-17aa286da83c","Samsung MSP Duct 16KW 16kW","Samsung","[""/Hero Images/Product category pictures/Samsung MSP Duct front.webp"",""/Hero Images/Product category pictures/Samsung MSP Duct front side.webp"",""/Hero Images/Product category pictures/Samsung MSP Duct front side (2).webp""]","[""/Hero Images/Product category pictures/Samsung MSP Duct front.webp"",""/Hero Images/Product category pictures/Samsung MSP Duct front side.webp"",""/Hero Images/Product category pictures/Samsung MSP Duct front side (2).webp""]","match"
"bdc43d3d-d833-4ff4-8b3f-568da0046aac","Samsung MSP Duct 3.5kW","Samsung","[""/Hero Images/Product category pictures/Samsung MSP Duct front.webp"",""/Hero Images/Product category pictures/Samsung MSP Duct front side.webp"",""/Hero Images/Product category pictures/Samsung MSP Duct front side (2).webp""]","[""/Hero Images/Product category pictures/Samsung MSP Duct front.webp"",""/Hero Images/Product category pictures/Samsung MSP Duct front side.webp"",""/Hero Images/Product category pictures/Samsung MSP Duct front side (2).webp""]","match"
"53ae2423-8c5f-4132-9805-131c32acc5d7","Samsung MSP Duct 5.2kW","Samsung","[""/Hero Images/Product category pictures/Samsung MSP Duct front.webp"",""/Hero Images/Product category pictures/Samsung MSP Duct front side.webp"",""/Hero Images/Product category pictures/Samsung MSP Duct front side (2).webp""]","[""/Hero Images/Product category pictures/Samsung MSP Duct front.webp"",""/Hero Images/Product category pictures/Samsung MSP Duct front side.webp"",""/Hero Images/Product category pictures/Samsung MSP Duct front side (2).webp""]","match"
"254b7335-baff-46ae-9411-4e324cd83892","Samsung MSP Duct 7.1kW","Samsung","[""/Hero Images/Product category pictures/Samsung MSP Duct front.webp"",""/Hero Images/Product category pictures/Samsung MSP Duct front side.webp"",""/Hero Images/Product category pictures/Samsung MSP Duct front side (2).webp""]","[""/Hero Images/Product category pictures/Samsung MSP Duct front.webp"",""/Hero Images/Product category pictures/Samsung MSP Duct front side.webp"",""/Hero Images/Product category pictures/Samsung MSP Duct front side (2).webp""]","match"
"17984fe9-3ca7-4906-ad49-01940b7d3c78","Samsung Underceiling 10kW","Samsung","[""/Hero Images/Product category pictures/Samsung AR80 WindFree front.webp"",""/Hero Images/Product category pictures/Samsung AR80 WindFree open.webp"",""/Hero Images/Product category pictures/Samsung AR80 WindFree condenser front.webp""]","[]","unresolved"
"62afade8-dee5-41f3-abec-1bfadf8afb5a","Samsung Underceiling 14kW","Samsung","[""/Hero Images/Product category pictures/Samsung AR80 WindFree front.webp"",""/Hero Images/Product category pictures/Samsung AR80 WindFree open.webp"",""/Hero Images/Product category pictures/Samsung AR80 WindFree condenser front.webp""]","[]","unresolved"
"3f76cf2f-63b4-43e5-b5a2-91a1e9c5221f","Samsung Underceiling 16KW 16kW","Samsung","[""/Hero Images/Product category pictures/Samsung AR80 WindFree front.webp"",""/Hero Images/Product category pictures/Samsung AR80 WindFree open.webp"",""/Hero Images/Product category pictures/Samsung AR80 WindFree condenser front.webp""]","[]","unresolved"
"086196a1-0fc7-40f2-864b-c8bb9e115f43","Samsung Underceiling 7.1kW","Samsung","[""/Hero Images/Product category pictures/Samsung AR80 WindFree front.webp"",""/Hero Images/Product category pictures/Samsung AR80 WindFree open.webp"",""/Hero Images/Product category pictures/Samsung AR80 WindFree condenser front.webp""]","[]","unresolved"
"3877b766-08cc-4363-8d77-b3d2e1d8cbe6","Standard Residential Installation","","[""/Hero Images/Featured In section/MAIN  C ARD/MAIN 2.png""]","[""/Hero Images/Featured In section/MAIN  C ARD/MAIN 2.png""]","match"